[2025-10-13T00:50:39.164434+00:00] HTTPSERVER.INFO: New HTTP Request {"method":"GET","uri":"http://localhost:8000/download/examples","user_agent":"Mozilla/5.0 (X11; Linux x86_64; rv:143.0) Gecko/20100101 Firefox/143.0"} []
[2025-10-13T00:50:39.164840+00:00] HTTPSERVER.INFO: Processing request {"method":"GET","path":"/download/examples","routes_count":17} []
[2025-10-13T00:50:39.165014+00:00] HTTPSERVER.INFO: Route matched {"route_path":"/download/examples","parameters":[]} []
[2025-10-13T00:50:39.165161+00:00] HTTPSERVER.INFO: Request started {"method":"GET","uri":"http://localhost:8000/download/examples","user_agent":"Mozilla/5.0 (X11; Linux x86_64; rv:143.0) Gecko/20100101 Firefox/143.0","ip":"127.0.0.1"} []
[2025-10-13T00:50:39.165661+00:00] HTTPSERVER.DEBUG: Response created {"status_code":200,"headers":{"Content-Type":"text/html; charset=UTF-8"},"content_length":3361} []
[2025-10-13T00:50:39.166171+00:00] HTTPSERVER.INFO: Request completed {"method":"GET","uri":"http://localhost:8000/download/examples","status_code":200,"duration_ms":0.96,"memory_usage":"2 MB"} []
[2025-10-13T00:50:39.166512+00:00] HTTPSERVER.INFO: Response sent {"status_code":200,"content_type":"text/html; charset=UTF-8","content_length":3361} []
[2025-10-13T00:50:42.047977+00:00] HTTPSERVER.INFO: New HTTP Request {"method":"GET","uri":"http://localhost:8000/d","user_agent":"Mozilla/5.0 (X11; Linux x86_64; rv:143.0) Gecko/20100101 Firefox/143.0"} []
[2025-10-13T00:50:42.048494+00:00] HTTPSERVER.INFO: Processing request {"method":"GET","path":"/d","routes_count":17} []
[2025-10-13T00:50:42.049434+00:00] HTTPSERVER.WARNING: No route found {"method":"GET","path":"/d"} []
[2025-10-13T00:50:42.049996+00:00] HTTPSERVER.DEBUG: Response created {"status_code":404,"headers":{"Content-Type":"text/html; charset=UTF-8"},"content_length":29} []
[2025-10-13T00:50:42.050315+00:00] HTTPSERVER.INFO: Response sent {"status_code":404,"content_type":"text/html; charset=UTF-8","content_length":29} []
[2025-10-13T00:50:45.285651+00:00] HTTPSERVER.INFO: New HTTP Request {"method":"GET","uri":"http://localhost:8000/","user_agent":"Mozilla/5.0 (X11; Linux x86_64; rv:143.0) Gecko/20100101 Firefox/143.0"} []
[2025-10-13T00:50:45.285934+00:00] HTTPSERVER.INFO: Processing request {"method":"GET","path":"/","routes_count":17} []
[2025-10-13T00:50:45.286035+00:00] HTTPSERVER.INFO: Route matched {"route_path":"/","parameters":[]} []
[2025-10-13T00:50:45.286133+00:00] HTTPSERVER.INFO: Request started {"method":"GET","uri":"http://localhost:8000/","user_agent":"Mozilla/5.0 (X11; Linux x86_64; rv:143.0) Gecko/20100101 Firefox/143.0","ip":"127.0.0.1"} []
[2025-10-13T00:50:45.286363+00:00] HTTPSERVER.DEBUG: Response created {"status_code":200,"headers":{"Content-Type":"text/html; charset=UTF-8"},"content_length":44} []
[2025-10-13T00:50:45.286572+00:00] HTTPSERVER.INFO: Request completed {"method":"GET","uri":"http://localhost:8000/","status_code":200,"duration_ms":0.41,"memory_usage":"2 MB"} []
[2025-10-13T00:50:45.286761+00:00] HTTPSERVER.INFO: Response sent {"status_code":200,"content_type":"text/html; charset=UTF-8","content_length":44} []
[2025-10-13T00:51:05.226197+00:00] HTTPSERVER.INFO: New HTTP Request {"method":"GET","uri":"http://localhost:8000/","user_agent":"Mozilla/5.0 (X11; Linux x86_64; rv:143.0) Gecko/20100101 Firefox/143.0"} []
[2025-10-13T00:51:05.226511+00:00] HTTPSERVER.INFO: Processing request {"method":"GET","path":"/","routes_count":17} []
[2025-10-13T00:51:05.226650+00:00] HTTPSERVER.INFO: Route matched {"route_path":"/","parameters":[]} []
[2025-10-13T00:51:05.226763+00:00] HTTPSERVER.INFO: Request started {"method":"GET","uri":"http://localhost:8000/","user_agent":"Mozilla/5.0 (X11; Linux x86_64; rv:143.0) Gecko/20100101 Firefox/143.0","ip":"127.0.0.1"} []
[2025-10-13T00:51:05.227013+00:00] HTTPSERVER.DEBUG: Response created {"status_code":200,"headers":{"Content-Type":"text/html; charset=UTF-8"},"content_length":114} []
[2025-10-13T00:51:05.227194+00:00] HTTPSERVER.INFO: Request completed {"method":"GET","uri":"http://localhost:8000/","status_code":200,"duration_ms":0.43,"memory_usage":"2 MB"} []
[2025-10-13T00:51:05.227368+00:00] HTTPSERVER.INFO: Response sent {"status_code":200,"content_type":"text/html; charset=UTF-8","content_length":114} []
[2025-10-13T00:51:05.934001+00:00] HTTPSERVER.INFO: New HTTP Request {"method":"GET","uri":"http://localhost:8000/","user_agent":"Mozilla/5.0 (X11; Linux x86_64; rv:143.0) Gecko/20100101 Firefox/143.0"} []
[2025-10-13T00:51:05.934195+00:00] HTTPSERVER.INFO: Processing request {"method":"GET","path":"/","routes_count":17} []
[2025-10-13T00:51:05.934258+00:00] HTTPSERVER.INFO: Route matched {"route_path":"/","parameters":[]} []
[2025-10-13T00:51:05.934321+00:00] HTTPSERVER.INFO: Request started {"method":"GET","uri":"http://localhost:8000/","user_agent":"Mozilla/5.0 (X11; Linux x86_64; rv:143.0) Gecko/20100101 Firefox/143.0","ip":"127.0.0.1"} []
[2025-10-13T00:51:05.934436+00:00] HTTPSERVER.DEBUG: Response created {"status_code":200,"headers":{"Content-Type":"text/html; charset=UTF-8"},"content_length":114} []
[2025-10-13T00:51:05.934543+00:00] HTTPSERVER.INFO: Request completed {"method":"GET","uri":"http://localhost:8000/","status_code":200,"duration_ms":0.22,"memory_usage":"2 MB"} []
[2025-10-13T00:51:05.934719+00:00] HTTPSERVER.INFO: Response sent {"status_code":200,"content_type":"text/html; charset=UTF-8","content_length":114} []
[2025-10-13T00:53:00.087204+00:00] HTTPSERVER.INFO: New HTTP Request {"method":"GET","uri":"http://localhost:8000/","user_agent":"Mozilla/5.0 (X11; Linux x86_64; rv:143.0) Gecko/20100101 Firefox/143.0"} []
[2025-10-13T00:53:00.087456+00:00] HTTPSERVER.INFO: Processing request {"method":"GET","path":"/","routes_count":18} []
[2025-10-13T00:53:00.087525+00:00] HTTPSERVER.INFO: Route matched {"route_path":"/","parameters":[]} []
[2025-10-13T00:53:00.087635+00:00] HTTPSERVER.INFO: Request started {"method":"GET","uri":"http://localhost:8000/","user_agent":"Mozilla/5.0 (X11; Linux x86_64; rv:143.0) Gecko/20100101 Firefox/143.0","ip":"127.0.0.1"} []
[2025-10-13T00:53:00.087904+00:00] HTTPSERVER.DEBUG: Response created {"status_code":200,"headers":{"Content-Type":"text/html; charset=UTF-8"},"content_length":114} []
[2025-10-13T00:53:00.088093+00:00] HTTPSERVER.INFO: Request completed {"method":"GET","uri":"http://localhost:8000/","status_code":200,"duration_ms":0.46,"memory_usage":"2 MB"} []
[2025-10-13T00:53:00.088247+00:00] HTTPSERVER.INFO: Response sent {"status_code":200,"content_type":"text/html; charset=UTF-8","content_length":114} []
[2025-10-13T00:53:02.820030+00:00] HTTPSERVER.INFO: New HTTP Request {"method":"GET","uri":"http://localhost:8000/docs","user_agent":"Mozilla/5.0 (X11; Linux x86_64; rv:143.0) Gecko/20100101 Firefox/143.0"} []
[2025-10-13T00:53:02.820291+00:00] HTTPSERVER.INFO: Processing request {"method":"GET","path":"/docs","routes_count":18} []
[2025-10-13T00:53:02.820408+00:00] HTTPSERVER.INFO: Route matched {"route_path":"/docs","parameters":[]} []
[2025-10-13T00:53:02.820526+00:00] HTTPSERVER.INFO: Request started {"method":"GET","uri":"http://localhost:8000/docs","user_agent":"Mozilla/5.0 (X11; Linux x86_64; rv:143.0) Gecko/20100101 Firefox/143.0","ip":"127.0.0.1"} []
[2025-10-13T00:53:02.820999+00:00] HTTPSERVER.DEBUG: Response created {"status_code":200,"headers":{"Content-Type":"text/html; charset=UTF-8"},"content_length":0} []
[2025-10-13T00:53:02.821597+00:00] HTTPSERVER.INFO: Request completed {"method":"GET","uri":"http://localhost:8000/docs","status_code":200,"duration_ms":0.7,"memory_usage":"2 MB"} []
[2025-10-13T00:53:02.821853+00:00] HTTPSERVER.INFO: Response sent {"status_code":200,"content_type":"text/html; charset=UTF-8","content_length":0} []
[2025-10-13T00:53:21.607413+00:00] HTTPSERVER.INFO: New HTTP Request {"method":"GET","uri":"http://localhost:8000/docs","user_agent":"Mozilla/5.0 (X11; Linux x86_64; rv:143.0) Gecko/20100101 Firefox/143.0"} []
[2025-10-13T00:53:21.607773+00:00] HTTPSERVER.INFO: Processing request {"method":"GET","path":"/docs","routes_count":18} []
[2025-10-13T00:53:21.607891+00:00] HTTPSERVER.INFO: Route matched {"route_path":"/docs","parameters":[]} []
[2025-10-13T00:53:21.608018+00:00] HTTPSERVER.INFO: Request started {"method":"GET","uri":"http://localhost:8000/docs","user_agent":"Mozilla/5.0 (X11; Linux x86_64; rv:143.0) Gecko/20100101 Firefox/143.0","ip":"127.0.0.1"} []
[2025-10-13T00:53:21.608361+00:00] HTTPSERVER.DEBUG: Response created {"status_code":200,"headers":{"Content-Type":"text/html; charset=UTF-8"},"content_length":228} []
[2025-10-13T00:53:21.608536+00:00] HTTPSERVER.INFO: Request completed {"method":"GET","uri":"http://localhost:8000/docs","status_code":200,"duration_ms":0.52,"memory_usage":"2 MB"} []
[2025-10-13T00:53:21.609529+00:00] HTTPSERVER.INFO: Response sent {"status_code":200,"content_type":"text/html; charset=UTF-8","content_length":228} []
[2025-10-13T00:56:07.537648+00:00] HTTPSERVER.INFO: New HTTP Request {"method":"GET","uri":"http://localhost:8000/docs","user_agent":"Mozilla/5.0 (X11; Linux x86_64; rv:143.0) Gecko/20100101 Firefox/143.0"} []
[2025-10-13T00:56:07.537886+00:00] HTTPSERVER.INFO: Processing request {"method":"GET","path":"/docs","routes_count":18} []
[2025-10-13T00:56:07.537962+00:00] HTTPSERVER.INFO: Route matched {"route_path":"/docs","parameters":[]} []
[2025-10-13T00:56:07.538031+00:00] HTTPSERVER.INFO: Request started {"method":"GET","uri":"http://localhost:8000/docs","user_agent":"Mozilla/5.0 (X11; Linux x86_64; rv:143.0) Gecko/20100101 Firefox/143.0","ip":"127.0.0.1"} []
[2025-10-13T00:56:07.538378+00:00] HTTPSERVER.DEBUG: Response created {"status_code":200,"headers":{"Content-Type":"text/html; charset=UTF-8"},"content_length":438} []
[2025-10-13T00:56:07.538617+00:00] HTTPSERVER.INFO: Request completed {"method":"GET","uri":"http://localhost:8000/docs","status_code":200,"duration_ms":0.52,"memory_usage":"2 MB"} []
[2025-10-13T00:56:07.538751+00:00] HTTPSERVER.INFO: Response sent {"status_code":200,"content_type":"text/html; charset=UTF-8","content_length":438} []
[2025-10-13T00:56:08.152948+00:00] HTTPSERVER.INFO: New HTTP Request {"method":"GET","uri":"http://localhost:8000/docs","user_agent":"Mozilla/5.0 (X11; Linux x86_64; rv:143.0) Gecko/20100101 Firefox/143.0"} []
[2025-10-13T00:56:08.153229+00:00] HTTPSERVER.INFO: Processing request {"method":"GET","path":"/docs","routes_count":18} []
[2025-10-13T00:56:08.153360+00:00] HTTPSERVER.INFO: Route matched {"route_path":"/docs","parameters":[]} []
[2025-10-13T00:56:08.153476+00:00] HTTPSERVER.INFO: Request started {"method":"GET","uri":"http://localhost:8000/docs","user_agent":"Mozilla/5.0 (X11; Linux x86_64; rv:143.0) Gecko/20100101 Firefox/143.0","ip":"127.0.0.1"} []
[2025-10-13T00:56:08.153739+00:00] HTTPSERVER.DEBUG: Response created {"status_code":200,"headers":{"Content-Type":"text/html; charset=UTF-8"},"content_length":438} []
[2025-10-13T00:56:08.154155+00:00] HTTPSERVER.INFO: Request completed {"method":"GET","uri":"http://localhost:8000/docs","status_code":200,"duration_ms":0.67,"memory_usage":"2 MB"} []
[2025-10-13T00:56:08.154327+00:00] HTTPSERVER.INFO: Response sent {"status_code":200,"content_type":"text/html; charset=UTF-8","content_length":438} []
[2025-10-13T00:57:38.319183+00:00] HTTPSERVER.INFO: New HTTP Request {"method":"GET","uri":"http://localhost:8000/docs","user_agent":"Mozilla/5.0 (X11; Linux x86_64; rv:143.0) Gecko/20100101 Firefox/143.0"} []
[2025-10-13T00:57:38.319486+00:00] HTTPSERVER.INFO: Processing request {"method":"GET","path":"/docs","routes_count":18} []
[2025-10-13T00:57:38.319664+00:00] HTTPSERVER.INFO: Route matched {"route_path":"/docs","parameters":[]} []
[2025-10-13T00:57:38.319784+00:00] HTTPSERVER.INFO: Request started {"method":"GET","uri":"http://localhost:8000/docs","user_agent":"Mozilla/5.0 (X11; Linux x86_64; rv:143.0) Gecko/20100101 Firefox/143.0","ip":"127.0.0.1"} []
[2025-10-13T00:57:38.320290+00:00] HTTPSERVER.DEBUG: Response created {"status_code":200,"headers":{"Content-Type":"text/html; charset=UTF-8"},"content_length":437} []
[2025-10-13T00:57:38.320535+00:00] HTTPSERVER.INFO: Request completed {"method":"GET","uri":"http://localhost:8000/docs","status_code":200,"duration_ms":0.74,"memory_usage":"2 MB"} []
[2025-10-13T00:57:38.321021+00:00] HTTPSERVER.INFO: Response sent {"status_code":200,"content_type":"text/html; charset=UTF-8","content_length":437} []
[2025-10-13T00:59:47.018910+00:00] HTTPSERVER.INFO: New HTTP Request {"method":"GET","uri":"http://localhost:8000/docs","user_agent":"Mozilla/5.0 (X11; Linux x86_64; rv:143.0) Gecko/20100101 Firefox/143.0"} []
[2025-10-13T00:59:47.019157+00:00] HTTPSERVER.INFO: Processing request {"method":"GET","path":"/docs","routes_count":18} []
[2025-10-13T00:59:47.019262+00:00] HTTPSERVER.INFO: Route matched {"route_path":"/docs","parameters":[]} []
[2025-10-13T00:59:47.019363+00:00] HTTPSERVER.INFO: Request started {"method":"GET","uri":"http://localhost:8000/docs","user_agent":"Mozilla/5.0 (X11; Linux x86_64; rv:143.0) Gecko/20100101 Firefox/143.0","ip":"127.0.0.1"} []
[2025-10-13T00:59:47.019816+00:00] HTTPSERVER.DEBUG: Response created {"status_code":200,"headers":{"Content-Type":"text/html; charset=UTF-8"},"content_length":435} []
[2025-10-13T00:59:47.020296+00:00] HTTPSERVER.INFO: Request completed {"method":"GET","uri":"http://localhost:8000/docs","status_code":200,"duration_ms":0.92,"memory_usage":"2 MB"} []
[2025-10-13T00:59:47.020494+00:00] HTTPSERVER.INFO: Response sent {"status_code":200,"content_type":"text/html; charset=UTF-8","content_length":435} []
[2025-10-13T01:01:41.833630+00:00] HTTPSERVER.INFO: New HTTP Request {"method":"GET","uri":"http://localhost:8000/","user_agent":"Mozilla/5.0 (X11; Linux x86_64; rv:143.0) Gecko/20100101 Firefox/143.0"} []
[2025-10-13T01:01:41.833830+00:00] HTTPSERVER.INFO: Processing request {"method":"GET","path":"/","routes_count":1} []
[2025-10-13T01:01:41.833898+00:00] HTTPSERVER.INFO: Route matched {"route_path":"/","parameters":[]} []
[2025-10-13T01:01:41.834056+00:00] HTTPSERVER.DEBUG: Response created {"status_code":200,"headers":{"Content-Type":"text/html; charset=UTF-8"},"content_length":435} []
[2025-10-13T01:01:41.834177+00:00] HTTPSERVER.INFO: Response sent {"status_code":200,"content_type":"text/html; charset=UTF-8","content_length":435} []
[2025-10-13T01:01:42.362159+00:00] HTTPSERVER.INFO: New HTTP Request {"method":"GET","uri":"http://localhost:8000/","user_agent":"Mozilla/5.0 (X11; Linux x86_64; rv:143.0) Gecko/20100101 Firefox/143.0"} []
[2025-10-13T01:01:42.362371+00:00] HTTPSERVER.INFO: Processing request {"method":"GET","path":"/","routes_count":1} []
[2025-10-13T01:01:42.362440+00:00] HTTPSERVER.INFO: Route matched {"route_path":"/","parameters":[]} []
[2025-10-13T01:01:42.362598+00:00] HTTPSERVER.DEBUG: Response created {"status_code":200,"headers":{"Content-Type":"text/html; charset=UTF-8"},"content_length":435} []
[2025-10-13T01:01:42.362699+00:00] HTTPSERVER.INFO: Response sent {"status_code":200,"content_type":"text/html; charset=UTF-8","content_length":435} []
[2025-10-13T01:02:40.634460+00:00] HTTPSERVER.INFO: New HTTP Request {"method":"GET","uri":"http://localhost:8000/","user_agent":"Mozilla/5.0 (X11; Linux x86_64; rv:143.0) Gecko/20100101 Firefox/143.0"} []
[2025-10-13T01:02:40.634739+00:00] HTTPSERVER.INFO: Processing request {"method":"GET","path":"/","routes_count":2} []
[2025-10-13T01:02:40.634839+00:00] HTTPSERVER.INFO: Route matched {"route_path":"/","parameters":[]} []
[2025-10-13T01:02:40.635101+00:00] HTTPSERVER.DEBUG: Response created {"status_code":200,"headers":{"Content-Type":"text/html; charset=UTF-8"},"content_length":435} []
[2025-10-13T01:02:40.635223+00:00] HTTPSERVER.INFO: Response sent {"status_code":200,"content_type":"text/html; charset=UTF-8","content_length":435} []
[2025-10-13T01:02:41.247502+00:00] HTTPSERVER.INFO: New HTTP Request {"method":"GET","uri":"http://localhost:8000/","user_agent":"Mozilla/5.0 (X11; Linux x86_64; rv:143.0) Gecko/20100101 Firefox/143.0"} []
[2025-10-13T01:02:41.247813+00:00] HTTPSERVER.INFO: Processing request {"method":"GET","path":"/","routes_count":2} []
[2025-10-13T01:02:41.247918+00:00] HTTPSERVER.INFO: Route matched {"route_path":"/","parameters":[]} []
[2025-10-13T01:02:41.248112+00:00] HTTPSERVER.DEBUG: Response created {"status_code":200,"headers":{"Content-Type":"text/html; charset=UTF-8"},"content_length":435} []
[2025-10-13T01:02:41.248288+00:00] HTTPSERVER.INFO: Response sent {"status_code":200,"content_type":"text/html; charset=UTF-8","content_length":435} []
[2025-10-13T01:02:41.715789+00:00] HTTPSERVER.INFO: New HTTP Request {"method":"GET","uri":"http://localhost:8000/","user_agent":"Mozilla/5.0 (X11; Linux x86_64; rv:143.0) Gecko/20100101 Firefox/143.0"} []
[2025-10-13T01:02:41.715963+00:00] HTTPSERVER.INFO: Processing request {"method":"GET","path":"/","routes_count":2} []
[2025-10-13T01:02:41.716027+00:00] HTTPSERVER.INFO: Route matched {"route_path":"/","parameters":[]} []
[2025-10-13T01:02:41.716149+00:00] HTTPSERVER.DEBUG: Response created {"status_code":200,"headers":{"Content-Type":"text/html; charset=UTF-8"},"content_length":435} []
[2025-10-13T01:02:41.716260+00:00] HTTPSERVER.INFO: Response sent {"status_code":200,"content_type":"text/html; charset=UTF-8","content_length":435} []
[2025-10-13T01:03:11.129291+00:00] HTTPSERVER.INFO: New HTTP Request {"method":"GET","uri":"http://localhost:8000/","user_agent":"Mozilla/5.0 (X11; Linux x86_64; rv:143.0) Gecko/20100101 Firefox/143.0"} []
[2025-10-13T01:03:11.129485+00:00] HTTPSERVER.INFO: Processing request {"method":"GET","path":"/","routes_count":2} []
[2025-10-13T01:03:11.129550+00:00] HTTPSERVER.INFO: Route matched {"route_path":"/","parameters":[]} []
[2025-10-13T01:03:11.130024+00:00] HTTPSERVER.DEBUG: Response created {"status_code":200,"headers":{"Content-Type":"text/html; charset=UTF-8"},"content_length":462} []
[2025-10-13T01:03:11.130157+00:00] HTTPSERVER.INFO: Response sent {"status_code":200,"content_type":"text/html; charset=UTF-8","content_length":462} []
[2025-10-13T01:03:12.493760+00:00] HTTPSERVER.INFO: New HTTP Request {"method":"GET","uri":"http://localhost:8000/first-usage","user_agent":"Mozilla/5.0 (X11; Linux x86_64; rv:143.0) Gecko/20100101 Firefox/143.0"} []
[2025-10-13T01:03:12.493942+00:00] HTTPSERVER.INFO: Processing request {"method":"GET","path":"/first-usage","routes_count":2} []
[2025-10-13T01:03:12.494044+00:00] HTTPSERVER.INFO: Route matched {"route_path":"/first-usage","parameters":[]} []
[2025-10-13T01:03:12.494189+00:00] HTTPSERVER.ERROR: Handler exception {"message":"View file not found: ./view/main/first_usage.php","file":"/var/www/html/phpex/project/martabakmanis/src/Http/Response.php","line":148} []
[2025-10-13T01:03:12.494461+00:00] HTTPSERVER.DEBUG: Response created {"status_code":500,"headers":{"Content-Type":"application/json; charset=UTF-8"},"content_length":107} []
[2025-10-13T01:03:12.494643+00:00] HTTPSERVER.INFO: Response sent {"status_code":500,"content_type":"application/json; charset=UTF-8","content_length":107} []
[2025-10-13T01:03:12.573407+00:00] HTTPSERVER.INFO: New HTTP Request {"method":"GET","uri":"http://localhost:8000/favicon.ico","user_agent":"Mozilla/5.0 (X11; Linux x86_64; rv:143.0) Gecko/20100101 Firefox/143.0"} []
[2025-10-13T01:03:12.573937+00:00] HTTPSERVER.INFO: Processing request {"method":"GET","path":"/favicon.ico","routes_count":2} []
[2025-10-13T01:03:12.574157+00:00] HTTPSERVER.WARNING: No route found {"method":"GET","path":"/favicon.ico"} []
[2025-10-13T01:03:12.574624+00:00] HTTPSERVER.DEBUG: Response created {"status_code":404,"headers":{"Content-Type":"text/html; charset=UTF-8"},"content_length":29} []
[2025-10-13T01:03:12.574983+00:00] HTTPSERVER.INFO: Response sent {"status_code":404,"content_type":"text/html; charset=UTF-8","content_length":29} []
[2025-10-13T01:04:14.881436+00:00] HTTPSERVER.INFO: New HTTP Request {"method":"GET","uri":"http://localhost:8000/","user_agent":"Mozilla/5.0 (X11; Linux x86_64; rv:143.0) Gecko/20100101 Firefox/143.0"} []
[2025-10-13T01:04:14.881679+00:00] HTTPSERVER.INFO: Processing request {"method":"GET","path":"/","routes_count":2} []
[2025-10-13T01:04:14.881780+00:00] HTTPSERVER.INFO: Route matched {"route_path":"/","parameters":[]} []
[2025-10-13T01:04:14.882140+00:00] HTTPSERVER.DEBUG: Response created {"status_code":200,"headers":{"Content-Type":"text/html; charset=UTF-8"},"content_length":469} []
[2025-10-13T01:04:14.882286+00:00] HTTPSERVER.INFO: Response sent {"status_code":200,"content_type":"text/html; charset=UTF-8","content_length":469} []
[2025-10-13T01:04:15.907942+00:00] HTTPSERVER.INFO: New HTTP Request {"method":"GET","uri":"http://localhost:8000/first-installation","user_agent":"Mozilla/5.0 (X11; Linux x86_64; rv:143.0) Gecko/20100101 Firefox/143.0"} []
[2025-10-13T01:04:15.908185+00:00] HTTPSERVER.INFO: Processing request {"method":"GET","path":"/first-installation","routes_count":2} []
[2025-10-13T01:04:15.908296+00:00] HTTPSERVER.INFO: Route matched {"route_path":"/first-installation","parameters":[]} []
[2025-10-13T01:04:15.908699+00:00] HTTPSERVER.DEBUG: Response created {"status_code":200,"headers":{"Content-Type":"text/html; charset=UTF-8"},"content_length":311} []
[2025-10-13T01:04:15.908863+00:00] HTTPSERVER.INFO: Response sent {"status_code":200,"content_type":"text/html; charset=UTF-8","content_length":311} []
[2025-10-13T01:04:32.239461+00:00] HTTPSERVER.INFO: New HTTP Request {"method":"GET","uri":"http://localhost:8000/first-installation","user_agent":"Mozilla/5.0 (X11; Linux x86_64; rv:143.0) Gecko/20100101 Firefox/143.0"} []
[2025-10-13T01:04:32.239696+00:00] HTTPSERVER.INFO: Processing request {"method":"GET","path":"/first-installation","routes_count":2} []
[2025-10-13T01:04:32.239769+00:00] HTTPSERVER.INFO: Route matched {"route_path":"/first-installation","parameters":[]} []
[2025-10-13T01:04:32.240036+00:00] HTTPSERVER.DEBUG: Response created {"status_code":200,"headers":{"Content-Type":"text/html; charset=UTF-8"},"content_length":320} []
[2025-10-13T01:04:32.240141+00:00] HTTPSERVER.INFO: Response sent {"status_code":200,"content_type":"text/html; charset=UTF-8","content_length":320} []
[2025-10-13T01:04:32.835370+00:00] HTTPSERVER.INFO: New HTTP Request {"method":"GET","uri":"http://localhost:8000/first-installation","user_agent":"Mozilla/5.0 (X11; Linux x86_64; rv:143.0) Gecko/20100101 Firefox/143.0"} []
[2025-10-13T01:04:32.835605+00:00] HTTPSERVER.INFO: Processing request {"method":"GET","path":"/first-installation","routes_count":2} []
[2025-10-13T01:04:32.835742+00:00] HTTPSERVER.INFO: Route matched {"route_path":"/first-installation","parameters":[]} []
[2025-10-13T01:04:32.835929+00:00] HTTPSERVER.DEBUG: Response created {"status_code":200,"headers":{"Content-Type":"text/html; charset=UTF-8"},"content_length":320} []
[2025-10-13T01:04:32.836070+00:00] HTTPSERVER.INFO: Response sent {"status_code":200,"content_type":"text/html; charset=UTF-8","content_length":320} []
[2025-10-13T01:04:33.369871+00:00] HTTPSERVER.INFO: New HTTP Request {"method":"GET","uri":"http://localhost:8000/first-installation","user_agent":"Mozilla/5.0 (X11; Linux x86_64; rv:143.0) Gecko/20100101 Firefox/143.0"} []
[2025-10-13T01:04:33.370049+00:00] HTTPSERVER.INFO: Processing request {"method":"GET","path":"/first-installation","routes_count":2} []
[2025-10-13T01:04:33.370122+00:00] HTTPSERVER.INFO: Route matched {"route_path":"/first-installation","parameters":[]} []
[2025-10-13T01:04:33.370249+00:00] HTTPSERVER.DEBUG: Response created {"status_code":200,"headers":{"Content-Type":"text/html; charset=UTF-8"},"content_length":320} []
[2025-10-13T01:04:33.370359+00:00] HTTPSERVER.INFO: Response sent {"status_code":200,"content_type":"text/html; charset=UTF-8","content_length":320} []
[2025-10-13T01:05:34.085592+00:00] HTTPSERVER.INFO: New HTTP Request {"method":"GET","uri":"http://192.168.1.43:8000/","user_agent":"Mozilla/5.0 (X11; Linux x86_64; rv:143.0) Gecko/20100101 Firefox/143.0"} []
[2025-10-13T01:05:34.091373+00:00] HTTPSERVER.INFO: Processing request {"method":"GET","path":"/","routes_count":2} []
[2025-10-13T01:05:34.091447+00:00] HTTPSERVER.INFO: Route matched {"route_path":"/","parameters":[]} []
[2025-10-13T01:05:34.094308+00:00] HTTPSERVER.DEBUG: Response created {"status_code":200,"headers":{"Content-Type":"text/html; charset=UTF-8"},"content_length":469} []
[2025-10-13T01:05:34.094459+00:00] HTTPSERVER.INFO: Response sent {"status_code":200,"content_type":"text/html; charset=UTF-8","content_length":469} []
[2025-10-13T01:05:34.194309+00:00] HTTPSERVER.INFO: New HTTP Request {"method":"GET","uri":"http://192.168.1.43:8000/favicon.ico","user_agent":"Mozilla/5.0 (X11; Linux x86_64; rv:143.0) Gecko/20100101 Firefox/143.0"} []
[2025-10-13T01:05:34.194488+00:00] HTTPSERVER.INFO: Processing request {"method":"GET","path":"/favicon.ico","routes_count":2} []
[2025-10-13T01:05:34.194737+00:00] HTTPSERVER.WARNING: No route found {"method":"GET","path":"/favicon.ico"} []
[2025-10-13T01:05:34.194866+00:00] HTTPSERVER.DEBUG: Response created {"status_code":404,"headers":{"Content-Type":"text/html; charset=UTF-8"},"content_length":29} []
[2025-10-13T01:05:34.194972+00:00] HTTPSERVER.INFO: Response sent {"status_code":404,"content_type":"text/html; charset=UTF-8","content_length":29} []
[2025-10-13T01:05:35.871045+00:00] HTTPSERVER.INFO: New HTTP Request {"method":"GET","uri":"http://192.168.1.43:8000/first-installation","user_agent":"Mozilla/5.0 (X11; Linux x86_64; rv:143.0) Gecko/20100101 Firefox/143.0"} []
[2025-10-13T01:05:35.871221+00:00] HTTPSERVER.INFO: Processing request {"method":"GET","path":"/first-installation","routes_count":2} []
[2025-10-13T01:05:35.871293+00:00] HTTPSERVER.INFO: Route matched {"route_path":"/first-installation","parameters":[]} []
[2025-10-13T01:05:35.871696+00:00] HTTPSERVER.DEBUG: Response created {"status_code":200,"headers":{"Content-Type":"text/html; charset=UTF-8"},"content_length":320} []
[2025-10-13T01:05:35.871866+00:00] HTTPSERVER.INFO: Response sent {"status_code":200,"content_type":"text/html; charset=UTF-8","content_length":320} []
[2025-10-13T01:05:45.165155+00:00] HTTPSERVER.INFO: New HTTP Request {"method":"GET","uri":"http://192.168.1.43:8000/","user_agent":"Mozilla/5.0 (Linux; Android 10; K) AppleWebKit/537.36 (KHTML, like Gecko) Chrome/141.0.0.0 Mobile Safari/537.36"} []
[2025-10-13T01:05:45.165345+00:00] HTTPSERVER.INFO: Processing request {"method":"GET","path":"/","routes_count":2} []
[2025-10-13T01:05:45.165409+00:00] HTTPSERVER.INFO: Route matched {"route_path":"/","parameters":[]} []
[2025-10-13T01:05:45.165582+00:00] HTTPSERVER.DEBUG: Response created {"status_code":200,"headers":{"Content-Type":"text/html; charset=UTF-8"},"content_length":469} []
[2025-10-13T01:05:45.165718+00:00] HTTPSERVER.INFO: Response sent {"status_code":200,"content_type":"text/html; charset=UTF-8","content_length":469} []
[2025-10-13T01:05:46.013080+00:00] HTTPSERVER.INFO: New HTTP Request {"method":"GET","uri":"http://192.168.1.43:8000/favicon.ico","user_agent":"Mozilla/5.0 (Linux; Android 10; K) AppleWebKit/537.36 (KHTML, like Gecko) Chrome/141.0.0.0 Mobile Safari/537.36"} []
[2025-10-13T01:05:46.013287+00:00] HTTPSERVER.INFO: Processing request {"method":"GET","path":"/favicon.ico","routes_count":2} []
[2025-10-13T01:05:46.013392+00:00] HTTPSERVER.WARNING: No route found {"method":"GET","path":"/favicon.ico"} []
[2025-10-13T01:05:46.014569+00:00] HTTPSERVER.DEBUG: Response created {"status_code":404,"headers":{"Content-Type":"text/html; charset=UTF-8"},"content_length":29} []
[2025-10-13T01:05:46.014713+00:00] HTTPSERVER.INFO: Response sent {"status_code":404,"content_type":"text/html; charset=UTF-8","content_length":29} []
[2025-10-13T01:05:47.768713+00:00] HTTPSERVER.INFO: New HTTP Request {"method":"GET","uri":"http://192.168.1.43:8000/first-installation","user_agent":"Mozilla/5.0 (Linux; Android 10; K) AppleWebKit/537.36 (KHTML, like Gecko) Chrome/141.0.0.0 Mobile Safari/537.36"} []
[2025-10-13T01:05:47.768885+00:00] HTTPSERVER.INFO: Processing request {"method":"GET","path":"/first-installation","routes_count":2} []
[2025-10-13T01:05:47.768984+00:00] HTTPSERVER.INFO: Route matched {"route_path":"/first-installation","parameters":[]} []
[2025-10-13T01:05:47.769172+00:00] HTTPSERVER.DEBUG: Response created {"status_code":200,"headers":{"Content-Type":"text/html; charset=UTF-8"},"content_length":320} []
[2025-10-13T01:05:47.769317+00:00] HTTPSERVER.INFO: Response sent {"status_code":200,"content_type":"text/html; charset=UTF-8","content_length":320} []
[2025-10-13T01:08:12.229498+00:00] HTTPSERVER.INFO: New HTTP Request {"method":"GET","uri":"http://192.168.1.43:8000/first-installation","user_agent":"Mozilla/5.0 (X11; Linux x86_64; rv:143.0) Gecko/20100101 Firefox/143.0"} []
[2025-10-13T01:08:12.229781+00:00] HTTPSERVER.INFO: Processing request {"method":"GET","path":"/first-installation","routes_count":2} []
[2025-10-13T01:08:12.229881+00:00] HTTPSERVER.INFO: Route matched {"route_path":"/first-installation","parameters":[]} []
[2025-10-13T01:08:12.230278+00:00] HTTPSERVER.DEBUG: Response created {"status_code":200,"headers":{"Content-Type":"text/html; charset=UTF-8"},"content_length":549} []
[2025-10-13T01:08:12.230413+00:00] HTTPSERVER.INFO: Response sent {"status_code":200,"content_type":"text/html; charset=UTF-8","content_length":549} []
[2025-10-13T01:10:29.214797+00:00] HTTPSERVER.INFO: New HTTP Request {"method":"GET","uri":"http://192.168.1.43:8000/first-installation","user_agent":"Mozilla/5.0 (X11; Linux x86_64; rv:143.0) Gecko/20100101 Firefox/143.0"} []
[2025-10-13T01:10:29.215181+00:00] HTTPSERVER.INFO: Processing request {"method":"GET","path":"/first-installation","routes_count":2} []
[2025-10-13T01:10:29.215306+00:00] HTTPSERVER.INFO: Route matched {"route_path":"/first-installation","parameters":[]} []
[2025-10-13T01:10:29.215855+00:00] HTTPSERVER.DEBUG: Response created {"status_code":200,"headers":{"Content-Type":"text/html; charset=UTF-8"},"content_length":709} []
[2025-10-13T01:10:29.216064+00:00] HTTPSERVER.INFO: Response sent {"status_code":200,"content_type":"text/html; charset=UTF-8","content_length":709} []
[2025-10-13T01:10:49.580663+00:00] HTTPSERVER.INFO: New HTTP Request {"method":"GET","uri":"http://192.168.1.43:8000/first-installation","user_agent":"Mozilla/5.0 (X11; Linux x86_64; rv:143.0) Gecko/20100101 Firefox/143.0"} []
[2025-10-13T01:10:49.580855+00:00] HTTPSERVER.INFO: Processing request {"method":"GET","path":"/first-installation","routes_count":2} []
[2025-10-13T01:10:49.580930+00:00] HTTPSERVER.INFO: Route matched {"route_path":"/first-installation","parameters":[]} []
[2025-10-13T01:10:49.581268+00:00] HTTPSERVER.DEBUG: Response created {"status_code":200,"headers":{"Content-Type":"text/html; charset=UTF-8"},"content_length":718} []
[2025-10-13T01:10:49.581420+00:00] HTTPSERVER.INFO: Response sent {"status_code":200,"content_type":"text/html; charset=UTF-8","content_length":718} []
[2025-10-13T01:10:50.122915+00:00] HTTPSERVER.INFO: New HTTP Request {"method":"GET","uri":"http://192.168.1.43:8000/first-installation","user_agent":"Mozilla/5.0 (X11; Linux x86_64; rv:143.0) Gecko/20100101 Firefox/143.0"} []
[2025-10-13T01:10:50.123096+00:00] HTTPSERVER.INFO: Processing request {"method":"GET","path":"/first-installation","routes_count":2} []
[2025-10-13T01:10:50.123200+00:00] HTTPSERVER.INFO: Route matched {"route_path":"/first-installation","parameters":[]} []
[2025-10-13T01:10:50.123377+00:00] HTTPSERVER.DEBUG: Response created {"status_code":200,"headers":{"Content-Type":"text/html; charset=UTF-8"},"content_length":718} []
[2025-10-13T01:10:50.123514+00:00] HTTPSERVER.INFO: Response sent {"status_code":200,"content_type":"text/html; charset=UTF-8","content_length":718} []
[2025-10-13T01:10:50.393457+00:00] HTTPSERVER.INFO: New HTTP Request {"method":"GET","uri":"http://192.168.1.43:8000/first-installation","user_agent":"Mozilla/5.0 (X11; Linux x86_64; rv:143.0) Gecko/20100101 Firefox/143.0"} []
[2025-10-13T01:10:50.393658+00:00] HTTPSERVER.INFO: Processing request {"method":"GET","path":"/first-installation","routes_count":2} []
[2025-10-13T01:10:50.393736+00:00] HTTPSERVER.INFO: Route matched {"route_path":"/first-installation","parameters":[]} []
[2025-10-13T01:10:50.393864+00:00] HTTPSERVER.DEBUG: Response created {"status_code":200,"headers":{"Content-Type":"text/html; charset=UTF-8"},"content_length":718} []
[2025-10-13T01:10:50.393984+00:00] HTTPSERVER.INFO: Response sent {"status_code":200,"content_type":"text/html; charset=UTF-8","content_length":718} []
[2025-10-13T01:10:50.594372+00:00] HTTPSERVER.INFO: New HTTP Request {"method":"GET","uri":"http://192.168.1.43:8000/first-installation","user_agent":"Mozilla/5.0 (X11; Linux x86_64; rv:143.0) Gecko/20100101 Firefox/143.0"} []
[2025-10-13T01:10:50.594603+00:00] HTTPSERVER.INFO: Processing request {"method":"GET","path":"/first-installation","routes_count":2} []
[2025-10-13T01:10:50.594724+00:00] HTTPSERVER.INFO: Route matched {"route_path":"/first-installation","parameters":[]} []
[2025-10-13T01:10:50.594917+00:00] HTTPSERVER.DEBUG: Response created {"status_code":200,"headers":{"Content-Type":"text/html; charset=UTF-8"},"content_length":718} []
[2025-10-13T01:10:50.595053+00:00] HTTPSERVER.INFO: Response sent {"status_code":200,"content_type":"text/html; charset=UTF-8","content_length":718} []
[2025-10-13T01:10:50.777543+00:00] HTTPSERVER.INFO: New HTTP Request {"method":"GET","uri":"http://192.168.1.43:8000/first-installation","user_agent":"Mozilla/5.0 (X11; Linux x86_64; rv:143.0) Gecko/20100101 Firefox/143.0"} []
[2025-10-13T01:10:50.777899+00:00] HTTPSERVER.INFO: Processing request {"method":"GET","path":"/first-installation","routes_count":2} []
[2025-10-13T01:10:50.777973+00:00] HTTPSERVER.INFO: Route matched {"route_path":"/first-installation","parameters":[]} []
[2025-10-13T01:10:50.778105+00:00] HTTPSERVER.DEBUG: Response created {"status_code":200,"headers":{"Content-Type":"text/html; charset=UTF-8"},"content_length":718} []
[2025-10-13T01:10:50.778211+00:00] HTTPSERVER.INFO: Response sent {"status_code":200,"content_type":"text/html; charset=UTF-8","content_length":718} []
[2025-10-13T01:10:51.010500+00:00] HTTPSERVER.INFO: New HTTP Request {"method":"GET","uri":"http://192.168.1.43:8000/first-installation","user_agent":"Mozilla/5.0 (X11; Linux x86_64; rv:143.0) Gecko/20100101 Firefox/143.0"} []
[2025-10-13T01:10:51.010805+00:00] HTTPSERVER.INFO: Processing request {"method":"GET","path":"/first-installation","routes_count":2} []
[2025-10-13T01:10:51.010914+00:00] HTTPSERVER.INFO: Route matched {"route_path":"/first-installation","parameters":[]} []
[2025-10-13T01:10:51.011124+00:00] HTTPSERVER.DEBUG: Response created {"status_code":200,"headers":{"Content-Type":"text/html; charset=UTF-8"},"content_length":718} []
[2025-10-13T01:10:51.011271+00:00] HTTPSERVER.INFO: Response sent {"status_code":200,"content_type":"text/html; charset=UTF-8","content_length":718} []
[2025-10-13T01:10:51.210163+00:00] HTTPSERVER.INFO: New HTTP Request {"method":"GET","uri":"http://192.168.1.43:8000/first-installation","user_agent":"Mozilla/5.0 (X11; Linux x86_64; rv:143.0) Gecko/20100101 Firefox/143.0"} []
[2025-10-13T01:10:51.210426+00:00] HTTPSERVER.INFO: Processing request {"method":"GET","path":"/first-installation","routes_count":2} []
[2025-10-13T01:10:51.210536+00:00] HTTPSERVER.INFO: Route matched {"route_path":"/first-installation","parameters":[]} []
[2025-10-13T01:10:51.210816+00:00] HTTPSERVER.DEBUG: Response created {"status_code":200,"headers":{"Content-Type":"text/html; charset=UTF-8"},"content_length":718} []
[2025-10-13T01:10:51.210963+00:00] HTTPSERVER.INFO: Response sent {"status_code":200,"content_type":"text/html; charset=UTF-8","content_length":718} []
[2025-10-13T01:10:56.505180+00:00] HTTPSERVER.INFO: New HTTP Request {"method":"GET","uri":"http://192.168.1.43:8000/first-installation","user_agent":"Mozilla/5.0 (X11; Linux x86_64; rv:143.0) Gecko/20100101 Firefox/143.0"} []
[2025-10-13T01:10:56.505383+00:00] HTTPSERVER.INFO: Processing request {"method":"GET","path":"/first-installation","routes_count":2} []
[2025-10-13T01:10:56.505487+00:00] HTTPSERVER.INFO: Route matched {"route_path":"/first-installation","parameters":[]} []
[2025-10-13T01:10:56.505900+00:00] HTTPSERVER.DEBUG: Response created {"status_code":200,"headers":{"Content-Type":"text/html; charset=UTF-8"},"content_length":722} []
[2025-10-13T01:10:56.506033+00:00] HTTPSERVER.INFO: Response sent {"status_code":200,"content_type":"text/html; charset=UTF-8","content_length":722} []
[2025-10-13T01:11:16.474601+00:00] HTTPSERVER.INFO: New HTTP Request {"method":"GET","uri":"http://192.168.1.43:8000/first-installation","user_agent":"Mozilla/5.0 (X11; Linux x86_64; rv:143.0) Gecko/20100101 Firefox/143.0"} []
[2025-10-13T01:11:16.474819+00:00] HTTPSERVER.INFO: Processing request {"method":"GET","path":"/first-installation","routes_count":2} []
[2025-10-13T01:11:16.474891+00:00] HTTPSERVER.INFO: Route matched {"route_path":"/first-installation","parameters":[]} []
[2025-10-13T01:11:16.475144+00:00] HTTPSERVER.DEBUG: Response created {"status_code":200,"headers":{"Content-Type":"text/html; charset=UTF-8"},"content_length":757} []
[2025-10-13T01:11:16.475284+00:00] HTTPSERVER.INFO: Response sent {"status_code":200,"content_type":"text/html; charset=UTF-8","content_length":757} []
[2025-10-13T01:11:17.093937+00:00] HTTPSERVER.INFO: New HTTP Request {"method":"GET","uri":"http://192.168.1.43:8000/first-installation","user_agent":"Mozilla/5.0 (X11; Linux x86_64; rv:143.0) Gecko/20100101 Firefox/143.0"} []
[2025-10-13T01:11:17.094165+00:00] HTTPSERVER.INFO: Processing request {"method":"GET","path":"/first-installation","routes_count":2} []
[2025-10-13T01:11:17.094306+00:00] HTTPSERVER.INFO: Route matched {"route_path":"/first-installation","parameters":[]} []
[2025-10-13T01:11:17.094726+00:00] HTTPSERVER.DEBUG: Response created {"status_code":200,"headers":{"Content-Type":"text/html; charset=UTF-8"},"content_length":757} []
[2025-10-13T01:11:17.094915+00:00] HTTPSERVER.INFO: Response sent {"status_code":200,"content_type":"text/html; charset=UTF-8","content_length":757} []
[2025-10-13T01:11:17.521170+00:00] HTTPSERVER.INFO: New HTTP Request {"method":"GET","uri":"http://192.168.1.43:8000/first-installation","user_agent":"Mozilla/5.0 (X11; Linux x86_64; rv:143.0) Gecko/20100101 Firefox/143.0"} []
[2025-10-13T01:11:17.521416+00:00] HTTPSERVER.INFO: Processing request {"method":"GET","path":"/first-installation","routes_count":2} []
[2025-10-13T01:11:17.521526+00:00] HTTPSERVER.INFO: Route matched {"route_path":"/first-installation","parameters":[]} []
[2025-10-13T01:11:17.521747+00:00] HTTPSERVER.DEBUG: Response created {"status_code":200,"headers":{"Content-Type":"text/html; charset=UTF-8"},"content_length":757} []
[2025-10-13T01:11:17.521893+00:00] HTTPSERVER.INFO: Response sent {"status_code":200,"content_type":"text/html; charset=UTF-8","content_length":757} []
[2025-10-13T01:11:17.946143+00:00] HTTPSERVER.INFO: New HTTP Request {"method":"GET","uri":"http://192.168.1.43:8000/first-installation","user_agent":"Mozilla/5.0 (X11; Linux x86_64; rv:143.0) Gecko/20100101 Firefox/143.0"} []
[2025-10-13T01:11:17.946742+00:00] HTTPSERVER.INFO: Processing request {"method":"GET","path":"/first-installation","routes_count":2} []
[2025-10-13T01:11:17.947006+00:00] HTTPSERVER.INFO: Route matched {"route_path":"/first-installation","parameters":[]} []
[2025-10-13T01:11:17.947310+00:00] HTTPSERVER.DEBUG: Response created {"status_code":200,"headers":{"Content-Type":"text/html; charset=UTF-8"},"content_length":757} []
[2025-10-13T01:11:17.947472+00:00] HTTPSERVER.INFO: Response sent {"status_code":200,"content_type":"text/html; charset=UTF-8","content_length":757} []
[2025-10-13T01:11:18.377378+00:00] HTTPSERVER.INFO: New HTTP Request {"method":"GET","uri":"http://192.168.1.43:8000/first-installation","user_agent":"Mozilla/5.0 (X11; Linux x86_64; rv:143.0) Gecko/20100101 Firefox/143.0"} []
[2025-10-13T01:11:18.377899+00:00] HTTPSERVER.INFO: Processing request {"method":"GET","path":"/first-installation","routes_count":2} []
[2025-10-13T01:11:18.378208+00:00] HTTPSERVER.INFO: Route matched {"route_path":"/first-installation","parameters":[]} []
[2025-10-13T01:11:18.378627+00:00] HTTPSERVER.DEBUG: Response created {"status_code":200,"headers":{"Content-Type":"text/html; charset=UTF-8"},"content_length":757} []
[2025-10-13T01:11:18.379001+00:00] HTTPSERVER.INFO: Response sent {"status_code":200,"content_type":"text/html; charset=UTF-8","content_length":757} []
[2025-10-13T01:11:22.933307+00:00] HTTPSERVER.INFO: New HTTP Request {"method":"GET","uri":"http://192.168.1.43:8000/first-installation","user_agent":"Mozilla/5.0 (X11; Linux x86_64; rv:143.0) Gecko/20100101 Firefox/143.0"} []
[2025-10-13T01:11:22.934359+00:00] HTTPSERVER.INFO: Processing request {"method":"GET","path":"/first-installation","routes_count":2} []
[2025-10-13T01:11:22.935092+00:00] HTTPSERVER.INFO: Route matched {"route_path":"/first-installation","parameters":[]} []
[2025-10-13T01:11:22.936378+00:00] HTTPSERVER.DEBUG: Response created {"status_code":200,"headers":{"Content-Type":"text/html; charset=UTF-8"},"content_length":761} []
[2025-10-13T01:11:22.936626+00:00] HTTPSERVER.INFO: Response sent {"status_code":200,"content_type":"text/html; charset=UTF-8","content_length":761} []
[2025-10-13T01:11:51.840910+00:00] HTTPSERVER.INFO: New HTTP Request {"method":"GET","uri":"http://192.168.1.43:8000/first-installation","user_agent":"Mozilla/5.0 (X11; Linux x86_64; rv:143.0) Gecko/20100101 Firefox/143.0"} []
[2025-10-13T01:11:51.841102+00:00] HTTPSERVER.INFO: Processing request {"method":"GET","path":"/first-installation","routes_count":2} []
[2025-10-13T01:11:51.841178+00:00] HTTPSERVER.INFO: Route matched {"route_path":"/first-installation","parameters":[]} []
[2025-10-13T01:11:51.841409+00:00] HTTPSERVER.DEBUG: Response created {"status_code":200,"headers":{"Content-Type":"text/html; charset=UTF-8"},"content_length":841} []
[2025-10-13T01:11:51.841512+00:00] HTTPSERVER.INFO: Response sent {"status_code":200,"content_type":"text/html; charset=UTF-8","content_length":841} []
[2025-10-13T01:11:59.439973+00:00] HTTPSERVER.INFO: New HTTP Request {"method":"GET","uri":"http://192.168.1.43:8000/first-installation","user_agent":"Mozilla/5.0 (X11; Linux x86_64; rv:143.0) Gecko/20100101 Firefox/143.0"} []
[2025-10-13T01:11:59.440177+00:00] HTTPSERVER.INFO: Processing request {"method":"GET","path":"/first-installation","routes_count":2} []
[2025-10-13T01:11:59.440283+00:00] HTTPSERVER.INFO: Route matched {"route_path":"/first-installation","parameters":[]} []
[2025-10-13T01:11:59.440718+00:00] HTTPSERVER.DEBUG: Response created {"status_code":200,"headers":{"Content-Type":"text/html; charset=UTF-8"},"content_length":829} []
[2025-10-13T01:11:59.440896+00:00] HTTPSERVER.INFO: Response sent {"status_code":200,"content_type":"text/html; charset=UTF-8","content_length":829} []
[2025-10-13T01:12:00.067460+00:00] HTTPSERVER.INFO: New HTTP Request {"method":"GET","uri":"http://192.168.1.43:8000/first-installation","user_agent":"Mozilla/5.0 (X11; Linux x86_64; rv:143.0) Gecko/20100101 Firefox/143.0"} []
[2025-10-13T01:12:00.067670+00:00] HTTPSERVER.INFO: Processing request {"method":"GET","path":"/first-installation","routes_count":2} []
[2025-10-13T01:12:00.067749+00:00] HTTPSERVER.INFO: Route matched {"route_path":"/first-installation","parameters":[]} []
[2025-10-13T01:12:00.067876+00:00] HTTPSERVER.DEBUG: Response created {"status_code":200,"headers":{"Content-Type":"text/html; charset=UTF-8"},"content_length":829} []
[2025-10-13T01:12:00.068005+00:00] HTTPSERVER.INFO: Response sent {"status_code":200,"content_type":"text/html; charset=UTF-8","content_length":829} []
[2025-10-13T01:12:00.521200+00:00] HTTPSERVER.INFO: New HTTP Request {"method":"GET","uri":"http://192.168.1.43:8000/first-installation","user_agent":"Mozilla/5.0 (X11; Linux x86_64; rv:143.0) Gecko/20100101 Firefox/143.0"} []
[2025-10-13T01:12:00.521383+00:00] HTTPSERVER.INFO: Processing request {"method":"GET","path":"/first-installation","routes_count":2} []
[2025-10-13T01:12:00.521489+00:00] HTTPSERVER.INFO: Route matched {"route_path":"/first-installation","parameters":[]} []
[2025-10-13T01:12:00.521700+00:00] HTTPSERVER.DEBUG: Response created {"status_code":200,"headers":{"Content-Type":"text/html; charset=UTF-8"},"content_length":829} []
[2025-10-13T01:12:00.521837+00:00] HTTPSERVER.INFO: Response sent {"status_code":200,"content_type":"text/html; charset=UTF-8","content_length":829} []
[2025-10-13T01:12:27.871286+00:00] HTTPSERVER.INFO: New HTTP Request {"method":"GET","uri":"http://192.168.1.43:8000/first-installation","user_agent":"Mozilla/5.0 (X11; Linux x86_64; rv:143.0) Gecko/20100101 Firefox/143.0"} []
[2025-10-13T01:12:27.871603+00:00] HTTPSERVER.INFO: Processing request {"method":"GET","path":"/first-installation","routes_count":2} []
[2025-10-13T01:12:27.871730+00:00] HTTPSERVER.INFO: Route matched {"route_path":"/first-installation","parameters":[]} []
[2025-10-13T01:12:27.872126+00:00] HTTPSERVER.DEBUG: Response created {"status_code":200,"headers":{"Content-Type":"text/html; charset=UTF-8"},"content_length":775} []
[2025-10-13T01:12:27.872255+00:00] HTTPSERVER.INFO: Response sent {"status_code":200,"content_type":"text/html; charset=UTF-8","content_length":775} []
[2025-10-13T01:12:28.506500+00:00] HTTPSERVER.INFO: New HTTP Request {"method":"GET","uri":"http://192.168.1.43:8000/first-installation","user_agent":"Mozilla/5.0 (X11; Linux x86_64; rv:143.0) Gecko/20100101 Firefox/143.0"} []
[2025-10-13T01:12:28.506711+00:00] HTTPSERVER.INFO: Processing request {"method":"GET","path":"/first-installation","routes_count":2} []
[2025-10-13T01:12:28.506814+00:00] HTTPSERVER.INFO: Route matched {"route_path":"/first-installation","parameters":[]} []
[2025-10-13T01:12:28.507126+00:00] HTTPSERVER.DEBUG: Response created {"status_code":200,"headers":{"Content-Type":"text/html; charset=UTF-8"},"content_length":775} []
[2025-10-13T01:12:28.507307+00:00] HTTPSERVER.INFO: Response sent {"status_code":200,"content_type":"text/html; charset=UTF-8","content_length":775} []
[2025-10-13T01:12:28.919932+00:00] HTTPSERVER.INFO: New HTTP Request {"method":"GET","uri":"http://192.168.1.43:8000/first-installation","user_agent":"Mozilla/5.0 (X11; Linux x86_64; rv:143.0) Gecko/20100101 Firefox/143.0"} []
[2025-10-13T01:12:28.920189+00:00] HTTPSERVER.INFO: Processing request {"method":"GET","path":"/first-installation","routes_count":2} []
[2025-10-13T01:12:28.920300+00:00] HTTPSERVER.INFO: Route matched {"route_path":"/first-installation","parameters":[]} []
[2025-10-13T01:12:28.920504+00:00] HTTPSERVER.DEBUG: Response created {"status_code":200,"headers":{"Content-Type":"text/html; charset=UTF-8"},"content_length":775} []
[2025-10-13T01:12:28.920669+00:00] HTTPSERVER.INFO: Response sent {"status_code":200,"content_type":"text/html; charset=UTF-8","content_length":775} []
[2025-10-13T01:12:29.333268+00:00] HTTPSERVER.INFO: New HTTP Request {"method":"GET","uri":"http://192.168.1.43:8000/first-installation","user_agent":"Mozilla/5.0 (X11; Linux x86_64; rv:143.0) Gecko/20100101 Firefox/143.0"} []
[2025-10-13T01:12:29.333457+00:00] HTTPSERVER.INFO: Processing request {"method":"GET","path":"/first-installation","routes_count":2} []
[2025-10-13T01:12:29.333580+00:00] HTTPSERVER.INFO: Route matched {"route_path":"/first-installation","parameters":[]} []
[2025-10-13T01:12:29.333779+00:00] HTTPSERVER.DEBUG: Response created {"status_code":200,"headers":{"Content-Type":"text/html; charset=UTF-8"},"content_length":775} []
[2025-10-13T01:12:29.333903+00:00] HTTPSERVER.INFO: Response sent {"status_code":200,"content_type":"text/html; charset=UTF-8","content_length":775} []
[2025-10-13T01:12:29.750046+00:00] HTTPSERVER.INFO: New HTTP Request {"method":"GET","uri":"http://192.168.1.43:8000/first-installation","user_agent":"Mozilla/5.0 (X11; Linux x86_64; rv:143.0) Gecko/20100101 Firefox/143.0"} []
[2025-10-13T01:12:29.750235+00:00] HTTPSERVER.INFO: Processing request {"method":"GET","path":"/first-installation","routes_count":2} []
[2025-10-13T01:12:29.750338+00:00] HTTPSERVER.INFO: Route matched {"route_path":"/first-installation","parameters":[]} []
[2025-10-13T01:12:29.750514+00:00] HTTPSERVER.DEBUG: Response created {"status_code":200,"headers":{"Content-Type":"text/html; charset=UTF-8"},"content_length":775} []
[2025-10-13T01:12:29.750666+00:00] HTTPSERVER.INFO: Response sent {"status_code":200,"content_type":"text/html; charset=UTF-8","content_length":775} []
[2025-10-13T01:12:30.235021+00:00] HTTPSERVER.INFO: New HTTP Request {"method":"GET","uri":"http://192.168.1.43:8000/first-installation","user_agent":"Mozilla/5.0 (X11; Linux x86_64; rv:143.0) Gecko/20100101 Firefox/143.0"} []
[2025-10-13T01:12:30.235244+00:00] HTTPSERVER.INFO: Processing request {"method":"GET","path":"/first-installation","routes_count":2} []
[2025-10-13T01:12:30.235367+00:00] HTTPSERVER.INFO: Route matched {"route_path":"/first-installation","parameters":[]} []
[2025-10-13T01:12:30.235634+00:00] HTTPSERVER.DEBUG: Response created {"status_code":200,"headers":{"Content-Type":"text/html; charset=UTF-8"},"content_length":775} []
[2025-10-13T01:12:30.235758+00:00] HTTPSERVER.INFO: Response sent {"status_code":200,"content_type":"text/html; charset=UTF-8","content_length":775} []
[2025-10-13T01:12:30.705764+00:00] HTTPSERVER.INFO: New HTTP Request {"method":"GET","uri":"http://192.168.1.43:8000/first-installation","user_agent":"Mozilla/5.0 (X11; Linux x86_64; rv:143.0) Gecko/20100101 Firefox/143.0"} []
[2025-10-13T01:12:30.705959+00:00] HTTPSERVER.INFO: Processing request {"method":"GET","path":"/first-installation","routes_count":2} []
[2025-10-13T01:12:30.706107+00:00] HTTPSERVER.INFO: Route matched {"route_path":"/first-installation","parameters":[]} []
[2025-10-13T01:12:30.706425+00:00] HTTPSERVER.DEBUG: Response created {"status_code":200,"headers":{"Content-Type":"text/html; charset=UTF-8"},"content_length":775} []
[2025-10-13T01:12:30.706659+00:00] HTTPSERVER.INFO: Response sent {"status_code":200,"content_type":"text/html; charset=UTF-8","content_length":775} []
[2025-10-13T01:12:40.491133+00:00] HTTPSERVER.INFO: New HTTP Request {"method":"GET","uri":"http://192.168.1.43:8000/first-installation","user_agent":"Mozilla/5.0 (X11; Linux x86_64; rv:143.0) Gecko/20100101 Firefox/143.0"} []
[2025-10-13T01:12:40.491329+00:00] HTTPSERVER.INFO: Processing request {"method":"GET","path":"/first-installation","routes_count":2} []
[2025-10-13T01:12:40.491429+00:00] HTTPSERVER.INFO: Route matched {"route_path":"/first-installation","parameters":[]} []
[2025-10-13T01:12:40.491799+00:00] HTTPSERVER.DEBUG: Response created {"status_code":200,"headers":{"Content-Type":"text/html; charset=UTF-8"},"content_length":779} []
[2025-10-13T01:12:40.491925+00:00] HTTPSERVER.INFO: Response sent {"status_code":200,"content_type":"text/html; charset=UTF-8","content_length":779} []
[2025-10-13T01:12:41.106040+00:00] HTTPSERVER.INFO: New HTTP Request {"method":"GET","uri":"http://192.168.1.43:8000/first-installation","user_agent":"Mozilla/5.0 (X11; Linux x86_64; rv:143.0) Gecko/20100101 Firefox/143.0"} []
[2025-10-13T01:12:41.106227+00:00] HTTPSERVER.INFO: Processing request {"method":"GET","path":"/first-installation","routes_count":2} []
[2025-10-13T01:12:41.106336+00:00] HTTPSERVER.INFO: Route matched {"route_path":"/first-installation","parameters":[]} []
[2025-10-13T01:12:41.106689+00:00] HTTPSERVER.DEBUG: Response created {"status_code":200,"headers":{"Content-Type":"text/html; charset=UTF-8"},"content_length":779} []
[2025-10-13T01:12:41.106826+00:00] HTTPSERVER.INFO: Response sent {"status_code":200,"content_type":"text/html; charset=UTF-8","content_length":779} []
[2025-10-13T01:12:41.576288+00:00] HTTPSERVER.INFO: New HTTP Request {"method":"GET","uri":"http://192.168.1.43:8000/first-installation","user_agent":"Mozilla/5.0 (X11; Linux x86_64; rv:143.0) Gecko/20100101 Firefox/143.0"} []
[2025-10-13T01:12:41.576464+00:00] HTTPSERVER.INFO: Processing request {"method":"GET","path":"/first-installation","routes_count":2} []
[2025-10-13T01:12:41.576588+00:00] HTTPSERVER.INFO: Route matched {"route_path":"/first-installation","parameters":[]} []
[2025-10-13T01:12:41.576767+00:00] HTTPSERVER.DEBUG: Response created {"status_code":200,"headers":{"Content-Type":"text/html; charset=UTF-8"},"content_length":779} []
[2025-10-13T01:12:41.576904+00:00] HTTPSERVER.INFO: Response sent {"status_code":200,"content_type":"text/html; charset=UTF-8","content_length":779} []
[2025-10-13T01:13:44.468399+00:00] HTTPSERVER.INFO: New HTTP Request {"method":"GET","uri":"http://192.168.1.43:8000/first-installation","user_agent":"Mozilla/5.0 (Linux; Android 10; K) AppleWebKit/537.36 (KHTML, like Gecko) Chrome/141.0.0.0 Mobile Safari/537.36"} []
[2025-10-13T01:13:44.468737+00:00] HTTPSERVER.INFO: Processing request {"method":"GET","path":"/first-installation","routes_count":2} []
[2025-10-13T01:13:44.468884+00:00] HTTPSERVER.INFO: Route matched {"route_path":"/first-installation","parameters":[]} []
[2025-10-13T01:13:44.469421+00:00] HTTPSERVER.DEBUG: Response created {"status_code":200,"headers":{"Content-Type":"text/html; charset=UTF-8"},"content_length":810} []
[2025-10-13T01:13:44.469644+00:00] HTTPSERVER.INFO: Response sent {"status_code":200,"content_type":"text/html; charset=UTF-8","content_length":810} []
[2025-10-13T01:13:46.508092+00:00] HTTPSERVER.INFO: New HTTP Request {"method":"GET","uri":"http://192.168.1.43:8000/first-installation","user_agent":"Mozilla/5.0 (Linux; Android 10; K) AppleWebKit/537.36 (KHTML, like Gecko) Chrome/141.0.0.0 Mobile Safari/537.36"} []
[2025-10-13T01:13:46.508260+00:00] HTTPSERVER.INFO: Processing request {"method":"GET","path":"/first-installation","routes_count":2} []
[2025-10-13T01:13:46.508333+00:00] HTTPSERVER.INFO: Route matched {"route_path":"/first-installation","parameters":[]} []
[2025-10-13T01:13:46.508455+00:00] HTTPSERVER.DEBUG: Response created {"status_code":200,"headers":{"Content-Type":"text/html; charset=UTF-8"},"content_length":810} []
[2025-10-13T01:13:46.508634+00:00] HTTPSERVER.INFO: Response sent {"status_code":200,"content_type":"text/html; charset=UTF-8","content_length":810} []
[2025-10-13T01:13:56.754488+00:00] HTTPSERVER.INFO: New HTTP Request {"method":"GET","uri":"http://192.168.1.43:8000/first-installation","user_agent":"Mozilla/5.0 (Linux; Android 10; K) AppleWebKit/537.36 (KHTML, like Gecko) Chrome/141.0.0.0 Mobile Safari/537.36"} []
[2025-10-13T01:13:56.754705+00:00] HTTPSERVER.INFO: Processing request {"method":"GET","path":"/first-installation","routes_count":2} []
[2025-10-13T01:13:56.754778+00:00] HTTPSERVER.INFO: Route matched {"route_path":"/first-installation","parameters":[]} []
[2025-10-13T01:13:56.754930+00:00] HTTPSERVER.DEBUG: Response created {"status_code":200,"headers":{"Content-Type":"text/html; charset=UTF-8"},"content_length":810} []
[2025-10-13T01:13:56.755031+00:00] HTTPSERVER.INFO: Response sent {"status_code":200,"content_type":"text/html; charset=UTF-8","content_length":810} []
[2025-10-13T01:14:16.098390+00:00] HTTPSERVER.INFO: New HTTP Request {"method":"GET","uri":"http://192.168.1.43:8000/first-installation","user_agent":"Mozilla/5.0 (X11; Linux x86_64; rv:143.0) Gecko/20100101 Firefox/143.0"} []
[2025-10-13T01:14:16.098615+00:00] HTTPSERVER.INFO: Processing request {"method":"GET","path":"/first-installation","routes_count":2} []
[2025-10-13T01:14:16.098737+00:00] HTTPSERVER.INFO: Route matched {"route_path":"/first-installation","parameters":[]} []
[2025-10-13T01:14:16.099140+00:00] HTTPSERVER.DEBUG: Response created {"status_code":200,"headers":{"Content-Type":"text/html; charset=UTF-8"},"content_length":811} []
[2025-10-13T01:14:16.099296+00:00] HTTPSERVER.INFO: Response sent {"status_code":200,"content_type":"text/html; charset=UTF-8","content_length":811} []
[2025-10-13T01:15:00.163106+00:00] HTTPSERVER.INFO: New HTTP Request {"method":"GET","uri":"http://192.168.1.43:8000/first-installation","user_agent":"Mozilla/5.0 (X11; Linux x86_64; rv:143.0) Gecko/20100101 Firefox/143.0"} []
[2025-10-13T01:15:00.163336+00:00] HTTPSERVER.INFO: Processing request {"method":"GET","path":"/first-installation","routes_count":2} []
[2025-10-13T01:15:00.163413+00:00] HTTPSERVER.INFO: Route matched {"route_path":"/first-installation","parameters":[]} []
[2025-10-13T01:15:00.163759+00:00] HTTPSERVER.DEBUG: Response created {"status_code":200,"headers":{"Content-Type":"text/html; charset=UTF-8"},"content_length":856} []
[2025-10-13T01:15:00.163886+00:00] HTTPSERVER.INFO: Response sent {"status_code":200,"content_type":"text/html; charset=UTF-8","content_length":856} []
[2025-10-13T01:15:14.032911+00:00] HTTPSERVER.INFO: New HTTP Request {"method":"GET","uri":"http://192.168.1.43:8000/first-installation","user_agent":"Mozilla/5.0 (X11; Linux x86_64; rv:143.0) Gecko/20100101 Firefox/143.0"} []
[2025-10-13T01:15:14.033110+00:00] HTTPSERVER.INFO: Processing request {"method":"GET","path":"/first-installation","routes_count":2} []
[2025-10-13T01:15:14.033236+00:00] HTTPSERVER.INFO: Route matched {"route_path":"/first-installation","parameters":[]} []
[2025-10-13T01:15:14.033629+00:00] HTTPSERVER.DEBUG: Response created {"status_code":200,"headers":{"Content-Type":"text/html; charset=UTF-8"},"content_length":864} []
[2025-10-13T01:15:14.033758+00:00] HTTPSERVER.INFO: Response sent {"status_code":200,"content_type":"text/html; charset=UTF-8","content_length":864} []
[2025-10-13T01:15:14.636207+00:00] HTTPSERVER.INFO: New HTTP Request {"method":"GET","uri":"http://192.168.1.43:8000/first-installation","user_agent":"Mozilla/5.0 (X11; Linux x86_64; rv:143.0) Gecko/20100101 Firefox/143.0"} []
[2025-10-13T01:15:14.636411+00:00] HTTPSERVER.INFO: Processing request {"method":"GET","path":"/first-installation","routes_count":2} []
[2025-10-13T01:15:14.636519+00:00] HTTPSERVER.INFO: Route matched {"route_path":"/first-installation","parameters":[]} []
[2025-10-13T01:15:14.636751+00:00] HTTPSERVER.DEBUG: Response created {"status_code":200,"headers":{"Content-Type":"text/html; charset=UTF-8"},"content_length":864} []
[2025-10-13T01:15:14.636903+00:00] HTTPSERVER.INFO: Response sent {"status_code":200,"content_type":"text/html; charset=UTF-8","content_length":864} []
[2025-10-13T01:15:14.895093+00:00] HTTPSERVER.INFO: New HTTP Request {"method":"GET","uri":"http://192.168.1.43:8000/first-installation","user_agent":"Mozilla/5.0 (X11; Linux x86_64; rv:143.0) Gecko/20100101 Firefox/143.0"} []
[2025-10-13T01:15:14.895292+00:00] HTTPSERVER.INFO: Processing request {"method":"GET","path":"/first-installation","routes_count":2} []
[2025-10-13T01:15:14.895370+00:00] HTTPSERVER.INFO: Route matched {"route_path":"/first-installation","parameters":[]} []
[2025-10-13T01:15:14.895500+00:00] HTTPSERVER.DEBUG: Response created {"status_code":200,"headers":{"Content-Type":"text/html; charset=UTF-8"},"content_length":864} []
[2025-10-13T01:15:14.895650+00:00] HTTPSERVER.INFO: Response sent {"status_code":200,"content_type":"text/html; charset=UTF-8","content_length":864} []
[2025-10-13T01:15:23.014884+00:00] HTTPSERVER.INFO: New HTTP Request {"method":"GET","uri":"http://192.168.1.43:8000/first-installation","user_agent":"Mozilla/5.0 (X11; Linux x86_64; rv:143.0) Gecko/20100101 Firefox/143.0"} []
[2025-10-13T01:15:23.015082+00:00] HTTPSERVER.INFO: Processing request {"method":"GET","path":"/first-installation","routes_count":2} []
[2025-10-13T01:15:23.015181+00:00] HTTPSERVER.INFO: Route matched {"route_path":"/first-installation","parameters":[]} []
[2025-10-13T01:15:23.015489+00:00] HTTPSERVER.DEBUG: Response created {"status_code":200,"headers":{"Content-Type":"text/html; charset=UTF-8"},"content_length":864} []
[2025-10-13T01:15:23.015651+00:00] HTTPSERVER.INFO: Response sent {"status_code":200,"content_type":"text/html; charset=UTF-8","content_length":864} []
[2025-10-13T01:15:23.643849+00:00] HTTPSERVER.INFO: New HTTP Request {"method":"GET","uri":"http://192.168.1.43:8000/first-installation","user_agent":"Mozilla/5.0 (X11; Linux x86_64; rv:143.0) Gecko/20100101 Firefox/143.0"} []
[2025-10-13T01:15:23.644028+00:00] HTTPSERVER.INFO: Processing request {"method":"GET","path":"/first-installation","routes_count":2} []
[2025-10-13T01:15:23.644128+00:00] HTTPSERVER.INFO: Route matched {"route_path":"/first-installation","parameters":[]} []
[2025-10-13T01:15:23.644373+00:00] HTTPSERVER.DEBUG: Response created {"status_code":200,"headers":{"Content-Type":"text/html; charset=UTF-8"},"content_length":864} []
[2025-10-13T01:15:23.644495+00:00] HTTPSERVER.INFO: Response sent {"status_code":200,"content_type":"text/html; charset=UTF-8","content_length":864} []
[2025-10-13T01:15:24.142738+00:00] HTTPSERVER.INFO: New HTTP Request {"method":"GET","uri":"http://192.168.1.43:8000/first-installation","user_agent":"Mozilla/5.0 (X11; Linux x86_64; rv:143.0) Gecko/20100101 Firefox/143.0"} []
[2025-10-13T01:15:24.142931+00:00] HTTPSERVER.INFO: Processing request {"method":"GET","path":"/first-installation","routes_count":2} []
[2025-10-13T01:15:24.143031+00:00] HTTPSERVER.INFO: Route matched {"route_path":"/first-installation","parameters":[]} []
[2025-10-13T01:15:24.143362+00:00] HTTPSERVER.DEBUG: Response created {"status_code":200,"headers":{"Content-Type":"text/html; charset=UTF-8"},"content_length":864} []
[2025-10-13T01:15:24.143485+00:00] HTTPSERVER.INFO: Response sent {"status_code":200,"content_type":"text/html; charset=UTF-8","content_length":864} []
[2025-10-13T01:15:35.029001+00:00] HTTPSERVER.INFO: New HTTP Request {"method":"GET","uri":"http://192.168.1.43:8000/first-installation","user_agent":"Mozilla/5.0 (X11; Linux x86_64; rv:143.0) Gecko/20100101 Firefox/143.0"} []
[2025-10-13T01:15:35.029196+00:00] HTTPSERVER.INFO: Processing request {"method":"GET","path":"/first-installation","routes_count":2} []
[2025-10-13T01:15:35.029272+00:00] HTTPSERVER.INFO: Route matched {"route_path":"/first-installation","parameters":[]} []
[2025-10-13T01:15:35.029635+00:00] HTTPSERVER.DEBUG: Response created {"status_code":200,"headers":{"Content-Type":"text/html; charset=UTF-8"},"content_length":876} []
[2025-10-13T01:15:35.029788+00:00] HTTPSERVER.INFO: Response sent {"status_code":200,"content_type":"text/html; charset=UTF-8","content_length":876} []
[2025-10-13T01:15:35.700303+00:00] HTTPSERVER.INFO: New HTTP Request {"method":"GET","uri":"http://192.168.1.43:8000/first-installation","user_agent":"Mozilla/5.0 (X11; Linux x86_64; rv:143.0) Gecko/20100101 Firefox/143.0"} []
[2025-10-13T01:15:35.700482+00:00] HTTPSERVER.INFO: Processing request {"method":"GET","path":"/first-installation","routes_count":2} []
[2025-10-13T01:15:35.700606+00:00] HTTPSERVER.INFO: Route matched {"route_path":"/first-installation","parameters":[]} []
[2025-10-13T01:15:35.700786+00:00] HTTPSERVER.DEBUG: Response created {"status_code":200,"headers":{"Content-Type":"text/html; charset=UTF-8"},"content_length":876} []
[2025-10-13T01:15:35.700923+00:00] HTTPSERVER.INFO: Response sent {"status_code":200,"content_type":"text/html; charset=UTF-8","content_length":876} []
[2025-10-13T01:15:36.132587+00:00] HTTPSERVER.INFO: New HTTP Request {"method":"GET","uri":"http://192.168.1.43:8000/first-installation","user_agent":"Mozilla/5.0 (X11; Linux x86_64; rv:143.0) Gecko/20100101 Firefox/143.0"} []
[2025-10-13T01:15:36.132768+00:00] HTTPSERVER.INFO: Processing request {"method":"GET","path":"/first-installation","routes_count":2} []
[2025-10-13T01:15:36.132873+00:00] HTTPSERVER.INFO: Route matched {"route_path":"/first-installation","parameters":[]} []
[2025-10-13T01:15:36.133051+00:00] HTTPSERVER.DEBUG: Response created {"status_code":200,"headers":{"Content-Type":"text/html; charset=UTF-8"},"content_length":876} []
[2025-10-13T01:15:36.133187+00:00] HTTPSERVER.INFO: Response sent {"status_code":200,"content_type":"text/html; charset=UTF-8","content_length":876} []
[2025-10-13T01:15:36.529942+00:00] HTTPSERVER.INFO: New HTTP Request {"method":"GET","uri":"http://192.168.1.43:8000/first-installation","user_agent":"Mozilla/5.0 (X11; Linux x86_64; rv:143.0) Gecko/20100101 Firefox/143.0"} []
[2025-10-13T01:15:36.530122+00:00] HTTPSERVER.INFO: Processing request {"method":"GET","path":"/first-installation","routes_count":2} []
[2025-10-13T01:15:36.530198+00:00] HTTPSERVER.INFO: Route matched {"route_path":"/first-installation","parameters":[]} []
[2025-10-13T01:15:36.530326+00:00] HTTPSERVER.DEBUG: Response created {"status_code":200,"headers":{"Content-Type":"text/html; charset=UTF-8"},"content_length":876} []
[2025-10-13T01:15:36.530435+00:00] HTTPSERVER.INFO: Response sent {"status_code":200,"content_type":"text/html; charset=UTF-8","content_length":876} []
[2025-10-13T01:15:37.805705+00:00] HTTPSERVER.INFO: New HTTP Request {"method":"GET","uri":"http://192.168.1.43:8000/first-installation","user_agent":"Mozilla/5.0 (Linux; Android 10; K) AppleWebKit/537.36 (KHTML, like Gecko) Chrome/141.0.0.0 Mobile Safari/537.36"} []
[2025-10-13T01:15:37.805989+00:00] HTTPSERVER.INFO: Processing request {"method":"GET","path":"/first-installation","routes_count":2} []
[2025-10-13T01:15:37.806119+00:00] HTTPSERVER.INFO: Route matched {"route_path":"/first-installation","parameters":[]} []
[2025-10-13T01:15:37.806360+00:00] HTTPSERVER.DEBUG: Response created {"status_code":200,"headers":{"Content-Type":"text/html; charset=UTF-8"},"content_length":876} []
[2025-10-13T01:15:37.806504+00:00] HTTPSERVER.INFO: Response sent {"status_code":200,"content_type":"text/html; charset=UTF-8","content_length":876} []
[2025-10-13T01:15:39.028082+00:00] HTTPSERVER.INFO: New HTTP Request {"method":"GET","uri":"http://192.168.1.43:8000/first-installation","user_agent":"Mozilla/5.0 (Linux; Android 10; K) AppleWebKit/537.36 (KHTML, like Gecko) Chrome/141.0.0.0 Mobile Safari/537.36"} []
[2025-10-13T01:15:39.028270+00:00] HTTPSERVER.INFO: Processing request {"method":"GET","path":"/first-installation","routes_count":2} []
[2025-10-13T01:15:39.028342+00:00] HTTPSERVER.INFO: Route matched {"route_path":"/first-installation","parameters":[]} []
[2025-10-13T01:15:39.028512+00:00] HTTPSERVER.DEBUG: Response created {"status_code":200,"headers":{"Content-Type":"text/html; charset=UTF-8"},"content_length":876} []
[2025-10-13T01:15:39.028672+00:00] HTTPSERVER.INFO: Response sent {"status_code":200,"content_type":"text/html; charset=UTF-8","content_length":876} []
[2025-10-13T01:17:11.378605+00:00] HTTPSERVER.INFO: New HTTP Request {"method":"GET","uri":"http://192.168.1.43:8000/first-installation","user_agent":"Mozilla/5.0 (X11; Linux x86_64; rv:143.0) Gecko/20100101 Firefox/143.0"} []
[2025-10-13T01:17:11.378935+00:00] HTTPSERVER.INFO: Processing request {"method":"GET","path":"/first-installation","routes_count":2} []
[2025-10-13T01:17:11.379052+00:00] HTTPSERVER.INFO: Route matched {"route_path":"/first-installation","parameters":[]} []
[2025-10-13T01:17:11.379544+00:00] HTTPSERVER.DEBUG: Response created {"status_code":200,"headers":{"Content-Type":"text/html; charset=UTF-8"},"content_length":882} []
[2025-10-13T01:17:11.379818+00:00] HTTPSERVER.INFO: Response sent {"status_code":200,"content_type":"text/html; charset=UTF-8","content_length":882} []
[2025-10-13T01:17:11.913996+00:00] HTTPSERVER.INFO: New HTTP Request {"method":"GET","uri":"http://192.168.1.43:8000/first-installation","user_agent":"Mozilla/5.0 (X11; Linux x86_64; rv:143.0) Gecko/20100101 Firefox/143.0"} []
[2025-10-13T01:17:11.914279+00:00] HTTPSERVER.INFO: Processing request {"method":"GET","path":"/first-installation","routes_count":2} []
[2025-10-13T01:17:11.914411+00:00] HTTPSERVER.INFO: Route matched {"route_path":"/first-installation","parameters":[]} []
[2025-10-13T01:17:11.914814+00:00] HTTPSERVER.DEBUG: Response created {"status_code":200,"headers":{"Content-Type":"text/html; charset=UTF-8"},"content_length":882} []
[2025-10-13T01:17:11.915010+00:00] HTTPSERVER.INFO: Response sent {"status_code":200,"content_type":"text/html; charset=UTF-8","content_length":882} []
[2025-10-13T01:17:12.103756+00:00] HTTPSERVER.INFO: New HTTP Request {"method":"GET","uri":"http://192.168.1.43:8000/first-installation","user_agent":"Mozilla/5.0 (X11; Linux x86_64; rv:143.0) Gecko/20100101 Firefox/143.0"} []
[2025-10-13T01:17:12.104015+00:00] HTTPSERVER.INFO: Processing request {"method":"GET","path":"/first-installation","routes_count":2} []
[2025-10-13T01:17:12.104137+00:00] HTTPSERVER.INFO: Route matched {"route_path":"/first-installation","parameters":[]} []
[2025-10-13T01:17:12.104367+00:00] HTTPSERVER.DEBUG: Response created {"status_code":200,"headers":{"Content-Type":"text/html; charset=UTF-8"},"content_length":882} []
[2025-10-13T01:17:12.104606+00:00] HTTPSERVER.INFO: Response sent {"status_code":200,"content_type":"text/html; charset=UTF-8","content_length":882} []
[2025-10-13T02:03:30.091781+00:00] HTTPSERVER.INFO: New HTTP Request {"method":"GET","uri":"http://192.168.1.43:8000/first-installation","user_agent":"Mozilla/5.0 (X11; Linux x86_64; rv:143.0) Gecko/20100101 Firefox/143.0"} []
[2025-10-13T02:03:30.099355+00:00] HTTPSERVER.INFO: Processing request {"method":"GET","path":"/first-installation","routes_count":2} []
[2025-10-13T02:03:30.099659+00:00] HTTPSERVER.INFO: Route matched {"route_path":"/first-installation","parameters":[]} []
[2025-10-13T02:03:30.103975+00:00] HTTPSERVER.DEBUG: Response created {"status_code":200,"headers":{"Content-Type":"text/html; charset=UTF-8"},"content_length":1094} []
[2025-10-13T02:03:30.104134+00:00] HTTPSERVER.INFO: Response sent {"status_code":200,"content_type":"text/html; charset=UTF-8","content_length":1094} []
[2025-10-13T02:04:16.280739+00:00] HTTPSERVER.INFO: New HTTP Request {"method":"GET","uri":"http://192.168.1.43:8000/first-installation","user_agent":"Mozilla/5.0 (X11; Linux x86_64; rv:143.0) Gecko/20100101 Firefox/143.0"} []
[2025-10-13T02:04:16.280941+00:00] HTTPSERVER.INFO: Processing request {"method":"GET","path":"/first-installation","routes_count":2} []
[2025-10-13T02:04:16.281046+00:00] HTTPSERVER.INFO: Route matched {"route_path":"/first-installation","parameters":[]} []
[2025-10-13T02:04:16.281407+00:00] HTTPSERVER.DEBUG: Response created {"status_code":200,"headers":{"Content-Type":"text/html; charset=UTF-8"},"content_length":1204} []
[2025-10-13T02:04:16.281534+00:00] HTTPSERVER.INFO: Response sent {"status_code":200,"content_type":"text/html; charset=UTF-8","content_length":1204} []
[2025-10-13T02:04:54.589218+00:00] HTTPSERVER.INFO: New HTTP Request {"method":"GET","uri":"http://192.168.1.43:8000/first-installation","user_agent":"Mozilla/5.0 (X11; Linux x86_64; rv:143.0) Gecko/20100101 Firefox/143.0"} []
[2025-10-13T02:04:54.589430+00:00] HTTPSERVER.INFO: Processing request {"method":"GET","path":"/first-installation","routes_count":2} []
[2025-10-13T02:04:54.589535+00:00] HTTPSERVER.INFO: Route matched {"route_path":"/first-installation","parameters":[]} []
[2025-10-13T02:04:54.590001+00:00] HTTPSERVER.DEBUG: Response created {"status_code":200,"headers":{"Content-Type":"text/html; charset=UTF-8"},"content_length":1251} []
[2025-10-13T02:04:54.590189+00:00] HTTPSERVER.INFO: Response sent {"status_code":200,"content_type":"text/html; charset=UTF-8","content_length":1251} []
[2025-10-13T02:05:07.982525+00:00] HTTPSERVER.INFO: New HTTP Request {"method":"GET","uri":"http://192.168.1.43:8000/first-installation","user_agent":"Mozilla/5.0 (X11; Linux x86_64; rv:143.0) Gecko/20100101 Firefox/143.0"} []
[2025-10-13T02:05:07.982949+00:00] HTTPSERVER.INFO: Processing request {"method":"GET","path":"/first-installation","routes_count":2} []
[2025-10-13T02:05:07.983082+00:00] HTTPSERVER.INFO: Route matched {"route_path":"/first-installation","parameters":[]} []
[2025-10-13T02:05:07.983471+00:00] HTTPSERVER.DEBUG: Response created {"status_code":200,"headers":{"Content-Type":"text/html; charset=UTF-8"},"content_length":1251} []
[2025-10-13T02:05:07.984130+00:00] HTTPSERVER.INFO: Response sent {"status_code":200,"content_type":"text/html; charset=UTF-8","content_length":1251} []
[2025-10-13T02:05:29.947950+00:00] HTTPSERVER.INFO: New HTTP Request {"method":"GET","uri":"http://192.168.1.43:8000/first-installation","user_agent":"Mozilla/5.0 (X11; Linux x86_64; rv:143.0) Gecko/20100101 Firefox/143.0"} []
[2025-10-13T02:05:29.948196+00:00] HTTPSERVER.INFO: Processing request {"method":"GET","path":"/first-installation","routes_count":2} []
[2025-10-13T02:05:29.948308+00:00] HTTPSERVER.INFO: Route matched {"route_path":"/first-installation","parameters":[]} []
[2025-10-13T02:05:29.948759+00:00] HTTPSERVER.DEBUG: Response created {"status_code":200,"headers":{"Content-Type":"text/html; charset=UTF-8"},"content_length":1100} []
[2025-10-13T02:05:29.948923+00:00] HTTPSERVER.INFO: Response sent {"status_code":200,"content_type":"text/html; charset=UTF-8","content_length":1100} []
[2025-10-13T02:05:30.596869+00:00] HTTPSERVER.INFO: New HTTP Request {"method":"GET","uri":"http://192.168.1.43:8000/first-installation","user_agent":"Mozilla/5.0 (X11; Linux x86_64; rv:143.0) Gecko/20100101 Firefox/143.0"} []
[2025-10-13T02:05:30.597135+00:00] HTTPSERVER.INFO: Processing request {"method":"GET","path":"/first-installation","routes_count":2} []
[2025-10-13T02:05:30.597252+00:00] HTTPSERVER.INFO: Route matched {"route_path":"/first-installation","parameters":[]} []
[2025-10-13T02:05:30.597453+00:00] HTTPSERVER.DEBUG: Response created {"status_code":200,"headers":{"Content-Type":"text/html; charset=UTF-8"},"content_length":1100} []
[2025-10-13T02:05:30.597658+00:00] HTTPSERVER.INFO: Response sent {"status_code":200,"content_type":"text/html; charset=UTF-8","content_length":1100} []
[2025-10-13T02:05:31.095261+00:00] HTTPSERVER.INFO: New HTTP Request {"method":"GET","uri":"http://192.168.1.43:8000/first-installation","user_agent":"Mozilla/5.0 (X11; Linux x86_64; rv:143.0) Gecko/20100101 Firefox/143.0"} []
[2025-10-13T02:05:31.095467+00:00] HTTPSERVER.INFO: Processing request {"method":"GET","path":"/first-installation","routes_count":2} []
[2025-10-13T02:05:31.095538+00:00] HTTPSERVER.INFO: Route matched {"route_path":"/first-installation","parameters":[]} []
[2025-10-13T02:05:31.095689+00:00] HTTPSERVER.DEBUG: Response created {"status_code":200,"headers":{"Content-Type":"text/html; charset=UTF-8"},"content_length":1100} []
[2025-10-13T02:05:31.095802+00:00] HTTPSERVER.INFO: Response sent {"status_code":200,"content_type":"text/html; charset=UTF-8","content_length":1100} []
[2025-10-13T02:05:47.071805+00:00] HTTPSERVER.INFO: New HTTP Request {"method":"GET","uri":"http://192.168.1.43:8000/first-installation","user_agent":"Mozilla/5.0 (X11; Linux x86_64; rv:143.0) Gecko/20100101 Firefox/143.0"} []
[2025-10-13T02:05:47.072068+00:00] HTTPSERVER.INFO: Processing request {"method":"GET","path":"/first-installation","routes_count":2} []
[2025-10-13T02:05:47.072269+00:00] HTTPSERVER.INFO: Route matched {"route_path":"/first-installation","parameters":[]} []
[2025-10-13T02:05:47.072826+00:00] HTTPSERVER.DEBUG: Response created {"status_code":200,"headers":{"Content-Type":"text/html; charset=UTF-8"},"content_length":1112} []
[2025-10-13T02:05:47.073017+00:00] HTTPSERVER.INFO: Response sent {"status_code":200,"content_type":"text/html; charset=UTF-8","content_length":1112} []
[2025-10-13T02:05:47.769139+00:00] HTTPSERVER.INFO: New HTTP Request {"method":"GET","uri":"http://192.168.1.43:8000/first-installation","user_agent":"Mozilla/5.0 (X11; Linux x86_64; rv:143.0) Gecko/20100101 Firefox/143.0"} []
[2025-10-13T02:05:47.769921+00:00] HTTPSERVER.INFO: Processing request {"method":"GET","path":"/first-installation","routes_count":2} []
[2025-10-13T02:05:47.770049+00:00] HTTPSERVER.INFO: Route matched {"route_path":"/first-installation","parameters":[]} []
[2025-10-13T02:05:47.770255+00:00] HTTPSERVER.DEBUG: Response created {"status_code":200,"headers":{"Content-Type":"text/html; charset=UTF-8"},"content_length":1112} []
[2025-10-13T02:05:47.772426+00:00] HTTPSERVER.INFO: Response sent {"status_code":200,"content_type":"text/html; charset=UTF-8","content_length":1112} []
[2025-10-13T02:05:58.873127+00:00] HTTPSERVER.INFO: New HTTP Request {"method":"GET","uri":"http://192.168.1.43:8000/first-installation","user_agent":"Mozilla/5.0 (X11; Linux x86_64; rv:143.0) Gecko/20100101 Firefox/143.0"} []
[2025-10-13T02:05:58.873334+00:00] HTTPSERVER.INFO: Processing request {"method":"GET","path":"/first-installation","routes_count":2} []
[2025-10-13T02:05:58.873434+00:00] HTTPSERVER.INFO: Route matched {"route_path":"/first-installation","parameters":[]} []
[2025-10-13T02:05:58.873766+00:00] HTTPSERVER.DEBUG: Response created {"status_code":200,"headers":{"Content-Type":"text/html; charset=UTF-8"},"content_length":1196} []
[2025-10-13T02:05:58.873894+00:00] HTTPSERVER.INFO: Response sent {"status_code":200,"content_type":"text/html; charset=UTF-8","content_length":1196} []
[2025-10-13T02:06:15.960049+00:00] HTTPSERVER.INFO: New HTTP Request {"method":"GET","uri":"http://192.168.1.43:8000/first-installation","user_agent":"Mozilla/5.0 (X11; Linux x86_64; rv:143.0) Gecko/20100101 Firefox/143.0"} []
[2025-10-13T02:06:15.960248+00:00] HTTPSERVER.INFO: Processing request {"method":"GET","path":"/first-installation","routes_count":2} []
[2025-10-13T02:06:15.960323+00:00] HTTPSERVER.INFO: Route matched {"route_path":"/first-installation","parameters":[]} []
[2025-10-13T02:06:15.960597+00:00] HTTPSERVER.DEBUG: Response created {"status_code":200,"headers":{"Content-Type":"text/html; charset=UTF-8"},"content_length":1208} []
[2025-10-13T02:06:15.960770+00:00] HTTPSERVER.INFO: Response sent {"status_code":200,"content_type":"text/html; charset=UTF-8","content_length":1208} []
[2025-10-13T02:06:39.144483+00:00] HTTPSERVER.INFO: New HTTP Request {"method":"GET","uri":"http://192.168.1.43:8000/first-installation","user_agent":"Mozilla/5.0 (X11; Linux x86_64; rv:143.0) Gecko/20100101 Firefox/143.0"} []
[2025-10-13T02:06:39.144704+00:00] HTTPSERVER.INFO: Processing request {"method":"GET","path":"/first-installation","routes_count":2} []
[2025-10-13T02:06:39.144776+00:00] HTTPSERVER.INFO: Route matched {"route_path":"/first-installation","parameters":[]} []
[2025-10-13T02:06:39.145115+00:00] HTTPSERVER.DEBUG: Response created {"status_code":200,"headers":{"Content-Type":"text/html; charset=UTF-8"},"content_length":1232} []
[2025-10-13T02:06:39.145290+00:00] HTTPSERVER.INFO: Response sent {"status_code":200,"content_type":"text/html; charset=UTF-8","content_length":1232} []
[2025-10-13T02:06:46.360041+00:00] HTTPSERVER.INFO: New HTTP Request {"method":"GET","uri":"http://192.168.1.43:8000/first-installation","user_agent":"Mozilla/5.0 (X11; Linux x86_64; rv:143.0) Gecko/20100101 Firefox/143.0"} []
[2025-10-13T02:06:46.360242+00:00] HTTPSERVER.INFO: Processing request {"method":"GET","path":"/first-installation","routes_count":2} []
[2025-10-13T02:06:46.360342+00:00] HTTPSERVER.INFO: Route matched {"route_path":"/first-installation","parameters":[]} []
[2025-10-13T02:06:46.360745+00:00] HTTPSERVER.DEBUG: Response created {"status_code":200,"headers":{"Content-Type":"text/html; charset=UTF-8"},"content_length":1226} []
[2025-10-13T02:06:46.360872+00:00] HTTPSERVER.INFO: Response sent {"status_code":200,"content_type":"text/html; charset=UTF-8","content_length":1226} []
[2025-10-13T02:06:47.040244+00:00] HTTPSERVER.INFO: New HTTP Request {"method":"GET","uri":"http://192.168.1.43:8000/first-installation","user_agent":"Mozilla/5.0 (X11; Linux x86_64; rv:143.0) Gecko/20100101 Firefox/143.0"} []
[2025-10-13T02:06:47.040452+00:00] HTTPSERVER.INFO: Processing request {"method":"GET","path":"/first-installation","routes_count":2} []
[2025-10-13T02:06:47.040580+00:00] HTTPSERVER.INFO: Route matched {"route_path":"/first-installation","parameters":[]} []
[2025-10-13T02:06:47.040765+00:00] HTTPSERVER.DEBUG: Response created {"status_code":200,"headers":{"Content-Type":"text/html; charset=UTF-8"},"content_length":1226} []
[2025-10-13T02:06:47.040901+00:00] HTTPSERVER.INFO: Response sent {"status_code":200,"content_type":"text/html; charset=UTF-8","content_length":1226} []
[2025-10-13T02:06:51.514426+00:00] HTTPSERVER.INFO: New HTTP Request {"method":"GET","uri":"http://192.168.1.43:8000/first-installation","user_agent":"Mozilla/5.0 (X11; Linux x86_64; rv:143.0) Gecko/20100101 Firefox/143.0"} []
[2025-10-13T02:06:51.514677+00:00] HTTPSERVER.INFO: Processing request {"method":"GET","path":"/first-installation","routes_count":2} []
[2025-10-13T02:06:51.514787+00:00] HTTPSERVER.INFO: Route matched {"route_path":"/first-installation","parameters":[]} []
[2025-10-13T02:06:51.515101+00:00] HTTPSERVER.DEBUG: Response created {"status_code":200,"headers":{"Content-Type":"text/html; charset=UTF-8"},"content_length":1220} []
[2025-10-13T02:06:51.515249+00:00] HTTPSERVER.INFO: Response sent {"status_code":200,"content_type":"text/html; charset=UTF-8","content_length":1220} []
[2025-10-13T02:06:51.997636+00:00] HTTPSERVER.INFO: New HTTP Request {"method":"GET","uri":"http://192.168.1.43:8000/first-installation","user_agent":"Mozilla/5.0 (X11; Linux x86_64; rv:143.0) Gecko/20100101 Firefox/143.0"} []
[2025-10-13T02:06:51.997816+00:00] HTTPSERVER.INFO: Processing request {"method":"GET","path":"/first-installation","routes_count":2} []
[2025-10-13T02:06:51.997921+00:00] HTTPSERVER.INFO: Route matched {"route_path":"/first-installation","parameters":[]} []
[2025-10-13T02:06:51.998170+00:00] HTTPSERVER.DEBUG: Response created {"status_code":200,"headers":{"Content-Type":"text/html; charset=UTF-8"},"content_length":1220} []
[2025-10-13T02:06:51.998375+00:00] HTTPSERVER.INFO: Response sent {"status_code":200,"content_type":"text/html; charset=UTF-8","content_length":1220} []
[2025-10-13T02:06:52.246967+00:00] HTTPSERVER.INFO: New HTTP Request {"method":"GET","uri":"http://192.168.1.43:8000/first-installation","user_agent":"Mozilla/5.0 (X11; Linux x86_64; rv:143.0) Gecko/20100101 Firefox/143.0"} []
[2025-10-13T02:06:52.247142+00:00] HTTPSERVER.INFO: Processing request {"method":"GET","path":"/first-installation","routes_count":2} []
[2025-10-13T02:06:52.247213+00:00] HTTPSERVER.INFO: Route matched {"route_path":"/first-installation","parameters":[]} []
[2025-10-13T02:06:52.247484+00:00] HTTPSERVER.DEBUG: Response created {"status_code":200,"headers":{"Content-Type":"text/html; charset=UTF-8"},"content_length":1220} []
[2025-10-13T02:06:52.247610+00:00] HTTPSERVER.INFO: Response sent {"status_code":200,"content_type":"text/html; charset=UTF-8","content_length":1220} []
[2025-10-13T02:06:52.461704+00:00] HTTPSERVER.INFO: New HTTP Request {"method":"GET","uri":"http://192.168.1.43:8000/first-installation","user_agent":"Mozilla/5.0 (X11; Linux x86_64; rv:143.0) Gecko/20100101 Firefox/143.0"} []
[2025-10-13T02:06:52.461924+00:00] HTTPSERVER.INFO: Processing request {"method":"GET","path":"/first-installation","routes_count":2} []
[2025-10-13T02:06:52.462026+00:00] HTTPSERVER.INFO: Route matched {"route_path":"/first-installation","parameters":[]} []
[2025-10-13T02:06:52.462207+00:00] HTTPSERVER.DEBUG: Response created {"status_code":200,"headers":{"Content-Type":"text/html; charset=UTF-8"},"content_length":1220} []
[2025-10-13T02:06:52.462340+00:00] HTTPSERVER.INFO: Response sent {"status_code":200,"content_type":"text/html; charset=UTF-8","content_length":1220} []
[2025-10-13T02:07:02.849643+00:00] HTTPSERVER.INFO: New HTTP Request {"method":"GET","uri":"http://192.168.1.43:8000/first-installation","user_agent":"Mozilla/5.0 (X11; Linux x86_64; rv:143.0) Gecko/20100101 Firefox/143.0"} []
[2025-10-13T02:07:02.849834+00:00] HTTPSERVER.INFO: Processing request {"method":"GET","path":"/first-installation","routes_count":2} []
[2025-10-13T02:07:02.849904+00:00] HTTPSERVER.INFO: Route matched {"route_path":"/first-installation","parameters":[]} []
[2025-10-13T02:07:02.850161+00:00] HTTPSERVER.DEBUG: Response created {"status_code":200,"headers":{"Content-Type":"text/html; charset=UTF-8"},"content_length":1244} []
[2025-10-13T02:07:02.850302+00:00] HTTPSERVER.INFO: Response sent {"status_code":200,"content_type":"text/html; charset=UTF-8","content_length":1244} []
[2025-10-13T02:07:10.793721+00:00] HTTPSERVER.INFO: New HTTP Request {"method":"GET","uri":"http://192.168.1.43:8000/first-installation","user_agent":"Mozilla/5.0 (X11; Linux x86_64; rv:143.0) Gecko/20100101 Firefox/143.0"} []
[2025-10-13T02:07:10.793910+00:00] HTTPSERVER.INFO: Processing request {"method":"GET","path":"/first-installation","routes_count":2} []
[2025-10-13T02:07:10.793981+00:00] HTTPSERVER.INFO: Route matched {"route_path":"/first-installation","parameters":[]} []
[2025-10-13T02:07:10.794206+00:00] HTTPSERVER.DEBUG: Response created {"status_code":200,"headers":{"Content-Type":"text/html; charset=UTF-8"},"content_length":1220} []
[2025-10-13T02:07:10.794345+00:00] HTTPSERVER.INFO: Response sent {"status_code":200,"content_type":"text/html; charset=UTF-8","content_length":1220} []
[2025-10-13T02:07:18.472882+00:00] HTTPSERVER.INFO: New HTTP Request {"method":"GET","uri":"http://192.168.1.43:8000/first-installation","user_agent":"Mozilla/5.0 (X11; Linux x86_64; rv:143.0) Gecko/20100101 Firefox/143.0"} []
[2025-10-13T02:07:18.473173+00:00] HTTPSERVER.INFO: Processing request {"method":"GET","path":"/first-installation","routes_count":2} []
[2025-10-13T02:07:18.473276+00:00] HTTPSERVER.INFO: Route matched {"route_path":"/first-installation","parameters":[]} []
[2025-10-13T02:07:18.473618+00:00] HTTPSERVER.DEBUG: Response created {"status_code":200,"headers":{"Content-Type":"text/html; charset=UTF-8"},"content_length":1232} []
[2025-10-13T02:07:18.473778+00:00] HTTPSERVER.INFO: Response sent {"status_code":200,"content_type":"text/html; charset=UTF-8","content_length":1232} []
[2025-10-13T02:07:19.147286+00:00] HTTPSERVER.INFO: New HTTP Request {"method":"GET","uri":"http://192.168.1.43:8000/first-installation","user_agent":"Mozilla/5.0 (X11; Linux x86_64; rv:143.0) Gecko/20100101 Firefox/143.0"} []
[2025-10-13T02:07:19.147460+00:00] HTTPSERVER.INFO: Processing request {"method":"GET","path":"/first-installation","routes_count":2} []
[2025-10-13T02:07:19.147532+00:00] HTTPSERVER.INFO: Route matched {"route_path":"/first-installation","parameters":[]} []
[2025-10-13T02:07:19.147830+00:00] HTTPSERVER.DEBUG: Response created {"status_code":200,"headers":{"Content-Type":"text/html; charset=UTF-8"},"content_length":1232} []
[2025-10-13T02:07:19.147938+00:00] HTTPSERVER.INFO: Response sent {"status_code":200,"content_type":"text/html; charset=UTF-8","content_length":1232} []
[2025-10-13T02:07:25.524321+00:00] HTTPSERVER.INFO: New HTTP Request {"method":"GET","uri":"http://192.168.1.43:8000/first-installation","user_agent":"Mozilla/5.0 (X11; Linux x86_64; rv:143.0) Gecko/20100101 Firefox/143.0"} []
[2025-10-13T02:07:25.524517+00:00] HTTPSERVER.INFO: Processing request {"method":"GET","path":"/first-installation","routes_count":2} []
[2025-10-13T02:07:25.524623+00:00] HTTPSERVER.INFO: Route matched {"route_path":"/first-installation","parameters":[]} []
[2025-10-13T02:07:25.525021+00:00] HTTPSERVER.DEBUG: Response created {"status_code":200,"headers":{"Content-Type":"text/html; charset=UTF-8"},"content_length":1244} []
[2025-10-13T02:07:25.525179+00:00] HTTPSERVER.INFO: Response sent {"status_code":200,"content_type":"text/html; charset=UTF-8","content_length":1244} []
[2025-10-13T02:07:34.284481+00:00] HTTPSERVER.INFO: New HTTP Request {"method":"GET","uri":"http://192.168.1.43:8000/first-installation","user_agent":"Mozilla/5.0 (X11; Linux x86_64; rv:143.0) Gecko/20100101 Firefox/143.0"} []
[2025-10-13T02:07:34.284738+00:00] HTTPSERVER.INFO: Processing request {"method":"GET","path":"/first-installation","routes_count":2} []
[2025-10-13T02:07:34.284814+00:00] HTTPSERVER.INFO: Route matched {"route_path":"/first-installation","parameters":[]} []
[2025-10-13T02:07:34.285138+00:00] HTTPSERVER.DEBUG: Response created {"status_code":200,"headers":{"Content-Type":"text/html; charset=UTF-8"},"content_length":1292} []
[2025-10-13T02:07:34.285261+00:00] HTTPSERVER.INFO: Response sent {"status_code":200,"content_type":"text/html; charset=UTF-8","content_length":1292} []
[2025-10-13T02:07:41.612695+00:00] HTTPSERVER.INFO: New HTTP Request {"method":"GET","uri":"http://192.168.1.43:8000/first-installation","user_agent":"Mozilla/5.0 (X11; Linux x86_64; rv:143.0) Gecko/20100101 Firefox/143.0"} []
[2025-10-13T02:07:41.612893+00:00] HTTPSERVER.INFO: Processing request {"method":"GET","path":"/first-installation","routes_count":2} []
[2025-10-13T02:07:41.612967+00:00] HTTPSERVER.INFO: Route matched {"route_path":"/first-installation","parameters":[]} []
[2025-10-13T02:07:41.613211+00:00] HTTPSERVER.DEBUG: Response created {"status_code":200,"headers":{"Content-Type":"text/html; charset=UTF-8"},"content_length":1328} []
[2025-10-13T02:07:41.613351+00:00] HTTPSERVER.INFO: Response sent {"status_code":200,"content_type":"text/html; charset=UTF-8","content_length":1328} []
[2025-10-13T02:07:49.235253+00:00] HTTPSERVER.INFO: New HTTP Request {"method":"GET","uri":"http://192.168.1.43:8000/first-installation","user_agent":"Mozilla/5.0 (X11; Linux x86_64; rv:143.0) Gecko/20100101 Firefox/143.0"} []
[2025-10-13T02:07:49.235469+00:00] HTTPSERVER.INFO: Processing request {"method":"GET","path":"/first-installation","routes_count":2} []
[2025-10-13T02:07:49.235543+00:00] HTTPSERVER.INFO: Route matched {"route_path":"/first-installation","parameters":[]} []
[2025-10-13T02:07:49.235887+00:00] HTTPSERVER.DEBUG: Response created {"status_code":200,"headers":{"Content-Type":"text/html; charset=UTF-8"},"content_length":1316} []
[2025-10-13T02:07:49.236010+00:00] HTTPSERVER.INFO: Response sent {"status_code":200,"content_type":"text/html; charset=UTF-8","content_length":1316} []
[2025-10-13T02:07:50.134842+00:00] HTTPSERVER.INFO: New HTTP Request {"method":"GET","uri":"http://192.168.1.43:8000/first-installation","user_agent":"Mozilla/5.0 (X11; Linux x86_64; rv:143.0) Gecko/20100101 Firefox/143.0"} []
[2025-10-13T02:07:50.135130+00:00] HTTPSERVER.INFO: Processing request {"method":"GET","path":"/first-installation","routes_count":2} []
[2025-10-13T02:07:50.135227+00:00] HTTPSERVER.INFO: Route matched {"route_path":"/first-installation","parameters":[]} []
[2025-10-13T02:07:50.135404+00:00] HTTPSERVER.DEBUG: Response created {"status_code":200,"headers":{"Content-Type":"text/html; charset=UTF-8"},"content_length":1316} []
[2025-10-13T02:07:50.135531+00:00] HTTPSERVER.INFO: Response sent {"status_code":200,"content_type":"text/html; charset=UTF-8","content_length":1316} []
[2025-10-13T02:07:56.655103+00:00] HTTPSERVER.INFO: New HTTP Request {"method":"GET","uri":"http://192.168.1.43:8000/first-installation","user_agent":"Mozilla/5.0 (X11; Linux x86_64; rv:143.0) Gecko/20100101 Firefox/143.0"} []
[2025-10-13T02:07:56.655293+00:00] HTTPSERVER.INFO: Processing request {"method":"GET","path":"/first-installation","routes_count":2} []
[2025-10-13T02:07:56.655364+00:00] HTTPSERVER.INFO: Route matched {"route_path":"/first-installation","parameters":[]} []
[2025-10-13T02:07:56.655681+00:00] HTTPSERVER.DEBUG: Response created {"status_code":200,"headers":{"Content-Type":"text/html; charset=UTF-8"},"content_length":1352} []
[2025-10-13T02:07:56.655859+00:00] HTTPSERVER.INFO: Response sent {"status_code":200,"content_type":"text/html; charset=UTF-8","content_length":1352} []
[2025-10-13T02:08:04.363740+00:00] HTTPSERVER.INFO: New HTTP Request {"method":"GET","uri":"http://192.168.1.43:8000/first-installation","user_agent":"Mozilla/5.0 (X11; Linux x86_64; rv:143.0) Gecko/20100101 Firefox/143.0"} []
[2025-10-13T02:08:04.363936+00:00] HTTPSERVER.INFO: Processing request {"method":"GET","path":"/first-installation","routes_count":2} []
[2025-10-13T02:08:04.364011+00:00] HTTPSERVER.INFO: Route matched {"route_path":"/first-installation","parameters":[]} []
[2025-10-13T02:08:04.364245+00:00] HTTPSERVER.DEBUG: Response created {"status_code":200,"headers":{"Content-Type":"text/html; charset=UTF-8"},"content_length":1340} []
[2025-10-13T02:08:04.364385+00:00] HTTPSERVER.INFO: Response sent {"status_code":200,"content_type":"text/html; charset=UTF-8","content_length":1340} []
[2025-10-13T02:08:04.890840+00:00] HTTPSERVER.INFO: New HTTP Request {"method":"GET","uri":"http://192.168.1.43:8000/first-installation","user_agent":"Mozilla/5.0 (X11; Linux x86_64; rv:143.0) Gecko/20100101 Firefox/143.0"} []
[2025-10-13T02:08:04.891024+00:00] HTTPSERVER.INFO: Processing request {"method":"GET","path":"/first-installation","routes_count":2} []
[2025-10-13T02:08:04.891128+00:00] HTTPSERVER.INFO: Route matched {"route_path":"/first-installation","parameters":[]} []
[2025-10-13T02:08:04.891384+00:00] HTTPSERVER.DEBUG: Response created {"status_code":200,"headers":{"Content-Type":"text/html; charset=UTF-8"},"content_length":1340} []
[2025-10-13T02:08:04.891524+00:00] HTTPSERVER.INFO: Response sent {"status_code":200,"content_type":"text/html; charset=UTF-8","content_length":1340} []
[2025-10-13T02:08:05.197519+00:00] HTTPSERVER.INFO: New HTTP Request {"method":"GET","uri":"http://192.168.1.43:8000/first-installation","user_agent":"Mozilla/5.0 (X11; Linux x86_64; rv:143.0) Gecko/20100101 Firefox/143.0"} []
[2025-10-13T02:08:05.197753+00:00] HTTPSERVER.INFO: Processing request {"method":"GET","path":"/first-installation","routes_count":2} []
[2025-10-13T02:08:05.197829+00:00] HTTPSERVER.INFO: Route matched {"route_path":"/first-installation","parameters":[]} []
[2025-10-13T02:08:05.198077+00:00] HTTPSERVER.DEBUG: Response created {"status_code":200,"headers":{"Content-Type":"text/html; charset=UTF-8"},"content_length":1340} []
[2025-10-13T02:08:05.198181+00:00] HTTPSERVER.INFO: Response sent {"status_code":200,"content_type":"text/html; charset=UTF-8","content_length":1340} []
[2025-10-13T02:08:05.366352+00:00] HTTPSERVER.INFO: New HTTP Request {"method":"GET","uri":"http://192.168.1.43:8000/first-installation","user_agent":"Mozilla/5.0 (X11; Linux x86_64; rv:143.0) Gecko/20100101 Firefox/143.0"} []
[2025-10-13T02:08:05.366640+00:00] HTTPSERVER.INFO: Processing request {"method":"GET","path":"/first-installation","routes_count":2} []
[2025-10-13T02:08:05.366759+00:00] HTTPSERVER.INFO: Route matched {"route_path":"/first-installation","parameters":[]} []
[2025-10-13T02:08:05.366975+00:00] HTTPSERVER.DEBUG: Response created {"status_code":200,"headers":{"Content-Type":"text/html; charset=UTF-8"},"content_length":1340} []
[2025-10-13T02:08:05.367119+00:00] HTTPSERVER.INFO: Response sent {"status_code":200,"content_type":"text/html; charset=UTF-8","content_length":1340} []
[2025-10-13T02:08:13.207899+00:00] HTTPSERVER.INFO: New HTTP Request {"method":"GET","uri":"http://192.168.1.43:8000/first-installation","user_agent":"Mozilla/5.0 (X11; Linux x86_64; rv:143.0) Gecko/20100101 Firefox/143.0"} []
[2025-10-13T02:08:13.208098+00:00] HTTPSERVER.INFO: Processing request {"method":"GET","path":"/first-installation","routes_count":2} []
[2025-10-13T02:08:13.208197+00:00] HTTPSERVER.INFO: Route matched {"route_path":"/first-installation","parameters":[]} []
[2025-10-13T02:08:13.208615+00:00] HTTPSERVER.DEBUG: Response created {"status_code":200,"headers":{"Content-Type":"text/html; charset=UTF-8"},"content_length":1328} []
[2025-10-13T02:08:13.208771+00:00] HTTPSERVER.INFO: Response sent {"status_code":200,"content_type":"text/html; charset=UTF-8","content_length":1328} []
[2025-10-13T02:08:21.673125+00:00] HTTPSERVER.INFO: New HTTP Request {"method":"GET","uri":"http://192.168.1.43:8000/first-installation","user_agent":"Mozilla/5.0 (X11; Linux x86_64; rv:143.0) Gecko/20100101 Firefox/143.0"} []
[2025-10-13T02:08:21.673325+00:00] HTTPSERVER.INFO: Processing request {"method":"GET","path":"/first-installation","routes_count":2} []
[2025-10-13T02:08:21.673425+00:00] HTTPSERVER.INFO: Route matched {"route_path":"/first-installation","parameters":[]} []
[2025-10-13T02:08:21.673817+00:00] HTTPSERVER.DEBUG: Response created {"status_code":200,"headers":{"Content-Type":"text/html; charset=UTF-8"},"content_length":1304} []
[2025-10-13T02:08:21.673947+00:00] HTTPSERVER.INFO: Response sent {"status_code":200,"content_type":"text/html; charset=UTF-8","content_length":1304} []
[2025-10-13T02:08:22.351239+00:00] HTTPSERVER.INFO: New HTTP Request {"method":"GET","uri":"http://192.168.1.43:8000/first-installation","user_agent":"Mozilla/5.0 (X11; Linux x86_64; rv:143.0) Gecko/20100101 Firefox/143.0"} []
[2025-10-13T02:08:22.351418+00:00] HTTPSERVER.INFO: Processing request {"method":"GET","path":"/first-installation","routes_count":2} []
[2025-10-13T02:08:22.351517+00:00] HTTPSERVER.INFO: Route matched {"route_path":"/first-installation","parameters":[]} []
[2025-10-13T02:08:22.351757+00:00] HTTPSERVER.DEBUG: Response created {"status_code":200,"headers":{"Content-Type":"text/html; charset=UTF-8"},"content_length":1304} []
[2025-10-13T02:08:22.351895+00:00] HTTPSERVER.INFO: Response sent {"status_code":200,"content_type":"text/html; charset=UTF-8","content_length":1304} []
[2025-10-13T02:08:22.586181+00:00] HTTPSERVER.INFO: New HTTP Request {"method":"GET","uri":"http://192.168.1.43:8000/first-installation","user_agent":"Mozilla/5.0 (X11; Linux x86_64; rv:143.0) Gecko/20100101 Firefox/143.0"} []
[2025-10-13T02:08:22.586366+00:00] HTTPSERVER.INFO: Processing request {"method":"GET","path":"/first-installation","routes_count":2} []
[2025-10-13T02:08:22.586468+00:00] HTTPSERVER.INFO: Route matched {"route_path":"/first-installation","parameters":[]} []
[2025-10-13T02:08:22.586680+00:00] HTTPSERVER.DEBUG: Response created {"status_code":200,"headers":{"Content-Type":"text/html; charset=UTF-8"},"content_length":1304} []
[2025-10-13T02:08:22.586821+00:00] HTTPSERVER.INFO: Response sent {"status_code":200,"content_type":"text/html; charset=UTF-8","content_length":1304} []
[2025-10-13T02:08:22.753779+00:00] HTTPSERVER.INFO: New HTTP Request {"method":"GET","uri":"http://192.168.1.43:8000/first-installation","user_agent":"Mozilla/5.0 (X11; Linux x86_64; rv:143.0) Gecko/20100101 Firefox/143.0"} []
[2025-10-13T02:08:22.754024+00:00] HTTPSERVER.INFO: Processing request {"method":"GET","path":"/first-installation","routes_count":2} []
[2025-10-13T02:08:22.754129+00:00] HTTPSERVER.INFO: Route matched {"route_path":"/first-installation","parameters":[]} []
[2025-10-13T02:08:22.754312+00:00] HTTPSERVER.DEBUG: Response created {"status_code":200,"headers":{"Content-Type":"text/html; charset=UTF-8"},"content_length":1304} []
[2025-10-13T02:08:22.754442+00:00] HTTPSERVER.INFO: Response sent {"status_code":200,"content_type":"text/html; charset=UTF-8","content_length":1304} []
[2025-10-13T02:08:29.898745+00:00] HTTPSERVER.INFO: New HTTP Request {"method":"GET","uri":"http://192.168.1.43:8000/first-installation","user_agent":"Mozilla/5.0 (X11; Linux x86_64; rv:143.0) Gecko/20100101 Firefox/143.0"} []
[2025-10-13T02:08:29.898946+00:00] HTTPSERVER.INFO: Processing request {"method":"GET","path":"/first-installation","routes_count":2} []
[2025-10-13T02:08:29.899024+00:00] HTTPSERVER.INFO: Route matched {"route_path":"/first-installation","parameters":[]} []
[2025-10-13T02:08:29.899311+00:00] HTTPSERVER.DEBUG: Response created {"status_code":200,"headers":{"Content-Type":"text/html; charset=UTF-8"},"content_length":1292} []
[2025-10-13T02:08:29.899465+00:00] HTTPSERVER.INFO: Response sent {"status_code":200,"content_type":"text/html; charset=UTF-8","content_length":1292} []
[2025-10-13T02:08:30.753113+00:00] HTTPSERVER.INFO: New HTTP Request {"method":"GET","uri":"http://192.168.1.43:8000/first-installation","user_agent":"Mozilla/5.0 (X11; Linux x86_64; rv:143.0) Gecko/20100101 Firefox/143.0"} []
[2025-10-13T02:08:30.753300+00:00] HTTPSERVER.INFO: Processing request {"method":"GET","path":"/first-installation","routes_count":2} []
[2025-10-13T02:08:30.753408+00:00] HTTPSERVER.INFO: Route matched {"route_path":"/first-installation","parameters":[]} []
[2025-10-13T02:08:30.753808+00:00] HTTPSERVER.DEBUG: Response created {"status_code":200,"headers":{"Content-Type":"text/html; charset=UTF-8"},"content_length":1292} []
[2025-10-13T02:08:30.754187+00:00] HTTPSERVER.INFO: Response sent {"status_code":200,"content_type":"text/html; charset=UTF-8","content_length":1292} []
[2025-10-13T02:08:31.017886+00:00] HTTPSERVER.INFO: New HTTP Request {"method":"GET","uri":"http://192.168.1.43:8000/first-installation","user_agent":"Mozilla/5.0 (X11; Linux x86_64; rv:143.0) Gecko/20100101 Firefox/143.0"} []
[2025-10-13T02:08:31.018059+00:00] HTTPSERVER.INFO: Processing request {"method":"GET","path":"/first-installation","routes_count":2} []
[2025-10-13T02:08:31.018132+00:00] HTTPSERVER.INFO: Route matched {"route_path":"/first-installation","parameters":[]} []
[2025-10-13T02:08:31.018254+00:00] HTTPSERVER.DEBUG: Response created {"status_code":200,"headers":{"Content-Type":"text/html; charset=UTF-8"},"content_length":1292} []
[2025-10-13T02:08:31.018365+00:00] HTTPSERVER.INFO: Response sent {"status_code":200,"content_type":"text/html; charset=UTF-8","content_length":1292} []
[2025-10-13T02:08:58.963668+00:00] HTTPSERVER.INFO: New HTTP Request {"method":"GET","uri":"http://192.168.1.43:8000/first-installation","user_agent":"Mozilla/5.0 (X11; Linux x86_64; rv:143.0) Gecko/20100101 Firefox/143.0"} []
[2025-10-13T02:08:58.963975+00:00] HTTPSERVER.INFO: Processing request {"method":"GET","path":"/first-installation","routes_count":2} []
[2025-10-13T02:08:58.964092+00:00] HTTPSERVER.INFO: Route matched {"route_path":"/first-installation","parameters":[]} []
[2025-10-13T02:08:58.964629+00:00] HTTPSERVER.DEBUG: Response created {"status_code":200,"headers":{"Content-Type":"text/html; charset=UTF-8"},"content_length":1304} []
[2025-10-13T02:08:58.964817+00:00] HTTPSERVER.INFO: Response sent {"status_code":200,"content_type":"text/html; charset=UTF-8","content_length":1304} []
[2025-10-13T02:10:58.835652+00:00] HTTPSERVER.INFO: New HTTP Request {"method":"GET","uri":"http://192.168.1.43:8000/first-installation","user_agent":"Mozilla/5.0 (X11; Linux x86_64; rv:143.0) Gecko/20100101 Firefox/143.0"} []
[2025-10-13T02:10:58.835902+00:00] HTTPSERVER.INFO: Processing request {"method":"GET","path":"/first-installation","routes_count":2} []
[2025-10-13T02:10:58.836009+00:00] HTTPSERVER.INFO: Route matched {"route_path":"/first-installation","parameters":[]} []
[2025-10-13T02:10:58.836583+00:00] HTTPSERVER.DEBUG: Response created {"status_code":200,"headers":{"Content-Type":"text/html; charset=UTF-8"},"content_length":1308} []
[2025-10-13T02:10:58.836777+00:00] HTTPSERVER.INFO: Response sent {"status_code":200,"content_type":"text/html; charset=UTF-8","content_length":1308} []
[2025-10-13T02:10:59.402268+00:00] HTTPSERVER.INFO: New HTTP Request {"method":"GET","uri":"http://192.168.1.43:8000/first-installation","user_agent":"Mozilla/5.0 (X11; Linux x86_64; rv:143.0) Gecko/20100101 Firefox/143.0"} []
[2025-10-13T02:10:59.402454+00:00] HTTPSERVER.INFO: Processing request {"method":"GET","path":"/first-installation","routes_count":2} []
[2025-10-13T02:10:59.402582+00:00] HTTPSERVER.INFO: Route matched {"route_path":"/first-installation","parameters":[]} []
[2025-10-13T02:10:59.402935+00:00] HTTPSERVER.DEBUG: Response created {"status_code":200,"headers":{"Content-Type":"text/html; charset=UTF-8"},"content_length":1308} []
[2025-10-13T02:10:59.403169+00:00] HTTPSERVER.INFO: Response sent {"status_code":200,"content_type":"text/html; charset=UTF-8","content_length":1308} []
[2025-10-13T02:11:00.560275+00:00] HTTPSERVER.INFO: New HTTP Request {"method":"GET","uri":"http://192.168.1.43:8000/first-installation","user_agent":"Mozilla/5.0 (X11; Linux x86_64; rv:143.0) Gecko/20100101 Firefox/143.0"} []
[2025-10-13T02:11:00.560453+00:00] HTTPSERVER.INFO: Processing request {"method":"GET","path":"/first-installation","routes_count":2} []
[2025-10-13T02:11:00.560524+00:00] HTTPSERVER.INFO: Route matched {"route_path":"/first-installation","parameters":[]} []
[2025-10-13T02:11:00.560693+00:00] HTTPSERVER.DEBUG: Response created {"status_code":200,"headers":{"Content-Type":"text/html; charset=UTF-8"},"content_length":1308} []
[2025-10-13T02:11:00.561035+00:00] HTTPSERVER.INFO: Response sent {"status_code":200,"content_type":"text/html; charset=UTF-8","content_length":1308} []
[2025-10-13T02:11:08.135965+00:00] HTTPSERVER.INFO: New HTTP Request {"method":"GET","uri":"http://192.168.1.43:8000/first-installation","user_agent":"Mozilla/5.0 (X11; Linux x86_64; rv:143.0) Gecko/20100101 Firefox/143.0"} []
[2025-10-13T02:11:08.136278+00:00] HTTPSERVER.INFO: Processing request {"method":"GET","path":"/first-installation","routes_count":2} []
[2025-10-13T02:11:08.136402+00:00] HTTPSERVER.INFO: Route matched {"route_path":"/first-installation","parameters":[]} []
[2025-10-13T02:11:08.136945+00:00] HTTPSERVER.DEBUG: Response created {"status_code":200,"headers":{"Content-Type":"text/html; charset=UTF-8"},"content_length":1313} []
[2025-10-13T02:11:08.137536+00:00] HTTPSERVER.INFO: Response sent {"status_code":200,"content_type":"text/html; charset=UTF-8","content_length":1313} []
[2025-10-13T02:11:17.368336+00:00] HTTPSERVER.INFO: New HTTP Request {"method":"GET","uri":"http://192.168.1.43:8000/first-installation","user_agent":"Mozilla/5.0 (X11; Linux x86_64; rv:143.0) Gecko/20100101 Firefox/143.0"} []
[2025-10-13T02:11:17.368531+00:00] HTTPSERVER.INFO: Processing request {"method":"GET","path":"/first-installation","routes_count":2} []
[2025-10-13T02:11:17.368635+00:00] HTTPSERVER.INFO: Route matched {"route_path":"/first-installation","parameters":[]} []
[2025-10-13T02:11:17.368949+00:00] HTTPSERVER.DEBUG: Response created {"status_code":200,"headers":{"Content-Type":"text/html; charset=UTF-8"},"content_length":1325} []
[2025-10-13T02:11:17.369095+00:00] HTTPSERVER.INFO: Response sent {"status_code":200,"content_type":"text/html; charset=UTF-8","content_length":1325} []
[2025-10-13T02:11:24.182259+00:00] HTTPSERVER.INFO: New HTTP Request {"method":"GET","uri":"http://192.168.1.43:8000/first-installation","user_agent":"Mozilla/5.0 (X11; Linux x86_64; rv:143.0) Gecko/20100101 Firefox/143.0"} []
[2025-10-13T02:11:24.182493+00:00] HTTPSERVER.INFO: Processing request {"method":"GET","path":"/first-installation","routes_count":2} []
[2025-10-13T02:11:24.182615+00:00] HTTPSERVER.INFO: Route matched {"route_path":"/first-installation","parameters":[]} []
[2025-10-13T02:11:24.182996+00:00] HTTPSERVER.DEBUG: Response created {"status_code":200,"headers":{"Content-Type":"text/html; charset=UTF-8"},"content_length":1349} []
[2025-10-13T02:11:24.183137+00:00] HTTPSERVER.INFO: Response sent {"status_code":200,"content_type":"text/html; charset=UTF-8","content_length":1349} []
[2025-10-13T02:11:30.649778+00:00] HTTPSERVER.INFO: New HTTP Request {"method":"GET","uri":"http://192.168.1.43:8000/first-installation","user_agent":"Mozilla/5.0 (X11; Linux x86_64; rv:143.0) Gecko/20100101 Firefox/143.0"} []
[2025-10-13T02:11:30.649975+00:00] HTTPSERVER.INFO: Processing request {"method":"GET","path":"/first-installation","routes_count":2} []
[2025-10-13T02:11:30.650050+00:00] HTTPSERVER.INFO: Route matched {"route_path":"/first-installation","parameters":[]} []
[2025-10-13T02:11:30.650303+00:00] HTTPSERVER.DEBUG: Response created {"status_code":200,"headers":{"Content-Type":"text/html; charset=UTF-8"},"content_length":1361} []
[2025-10-13T02:11:30.650409+00:00] HTTPSERVER.INFO: Response sent {"status_code":200,"content_type":"text/html; charset=UTF-8","content_length":1361} []
[2025-10-13T02:11:47.477164+00:00] HTTPSERVER.INFO: New HTTP Request {"method":"GET","uri":"http://192.168.1.43:8000/first-installation","user_agent":"Mozilla/5.0 (X11; Linux x86_64; rv:143.0) Gecko/20100101 Firefox/143.0"} []
[2025-10-13T02:11:47.477361+00:00] HTTPSERVER.INFO: Processing request {"method":"GET","path":"/first-installation","routes_count":2} []
[2025-10-13T02:11:47.477441+00:00] HTTPSERVER.INFO: Route matched {"route_path":"/first-installation","parameters":[]} []
[2025-10-13T02:11:47.477800+00:00] HTTPSERVER.DEBUG: Response created {"status_code":200,"headers":{"Content-Type":"text/html; charset=UTF-8"},"content_length":1366} []
[2025-10-13T02:11:47.477964+00:00] HTTPSERVER.INFO: Response sent {"status_code":200,"content_type":"text/html; charset=UTF-8","content_length":1366} []
[2025-10-13T02:11:55.893349+00:00] HTTPSERVER.INFO: New HTTP Request {"method":"GET","uri":"http://192.168.1.43:8000/first-installation","user_agent":"Mozilla/5.0 (X11; Linux x86_64; rv:143.0) Gecko/20100101 Firefox/143.0"} []
[2025-10-13T02:11:55.893580+00:00] HTTPSERVER.INFO: Processing request {"method":"GET","path":"/first-installation","routes_count":2} []
[2025-10-13T02:11:55.893671+00:00] HTTPSERVER.INFO: Route matched {"route_path":"/first-installation","parameters":[]} []
[2025-10-13T02:11:55.893933+00:00] HTTPSERVER.DEBUG: Response created {"status_code":200,"headers":{"Content-Type":"text/html; charset=UTF-8"},"content_length":1402} []
[2025-10-13T02:11:55.894175+00:00] HTTPSERVER.INFO: Response sent {"status_code":200,"content_type":"text/html; charset=UTF-8","content_length":1402} []
[2025-10-13T02:12:05.584391+00:00] HTTPSERVER.INFO: New HTTP Request {"method":"GET","uri":"http://192.168.1.43:8000/first-installation","user_agent":"Mozilla/5.0 (X11; Linux x86_64; rv:143.0) Gecko/20100101 Firefox/143.0"} []
[2025-10-13T02:12:05.584671+00:00] HTTPSERVER.INFO: Processing request {"method":"GET","path":"/first-installation","routes_count":2} []
[2025-10-13T02:12:05.584804+00:00] HTTPSERVER.INFO: Route matched {"route_path":"/first-installation","parameters":[]} []
[2025-10-13T02:12:05.585251+00:00] HTTPSERVER.DEBUG: Response created {"status_code":200,"headers":{"Content-Type":"text/html; charset=UTF-8"},"content_length":1378} []
[2025-10-13T02:12:05.585456+00:00] HTTPSERVER.INFO: Response sent {"status_code":200,"content_type":"text/html; charset=UTF-8","content_length":1378} []
[2025-10-13T02:12:13.128832+00:00] HTTPSERVER.INFO: New HTTP Request {"method":"GET","uri":"http://192.168.1.43:8000/first-installation","user_agent":"Mozilla/5.0 (X11; Linux x86_64; rv:143.0) Gecko/20100101 Firefox/143.0"} []
[2025-10-13T02:12:13.129070+00:00] HTTPSERVER.INFO: Processing request {"method":"GET","path":"/first-installation","routes_count":2} []
[2025-10-13T02:12:13.129177+00:00] HTTPSERVER.INFO: Route matched {"route_path":"/first-installation","parameters":[]} []
[2025-10-13T02:12:13.129730+00:00] HTTPSERVER.DEBUG: Response created {"status_code":200,"headers":{"Content-Type":"text/html; charset=UTF-8"},"content_length":1383} []
[2025-10-13T02:12:13.129962+00:00] HTTPSERVER.INFO: Response sent {"status_code":200,"content_type":"text/html; charset=UTF-8","content_length":1383} []
[2025-10-13T02:12:21.712089+00:00] HTTPSERVER.INFO: New HTTP Request {"method":"GET","uri":"http://192.168.1.43:8000/first-installation","user_agent":"Mozilla/5.0 (X11; Linux x86_64; rv:143.0) Gecko/20100101 Firefox/143.0"} []
[2025-10-13T02:12:21.712284+00:00] HTTPSERVER.INFO: Processing request {"method":"GET","path":"/first-installation","routes_count":2} []
[2025-10-13T02:12:21.712394+00:00] HTTPSERVER.INFO: Route matched {"route_path":"/first-installation","parameters":[]} []
[2025-10-13T02:12:21.712777+00:00] HTTPSERVER.DEBUG: Response created {"status_code":200,"headers":{"Content-Type":"text/html; charset=UTF-8"},"content_length":1388} []
[2025-10-13T02:12:21.712912+00:00] HTTPSERVER.INFO: Response sent {"status_code":200,"content_type":"text/html; charset=UTF-8","content_length":1388} []
[2025-10-13T02:13:12.873319+00:00] HTTPSERVER.INFO: New HTTP Request {"method":"GET","uri":"http://192.168.1.43:8000/first-installation","user_agent":"Mozilla/5.0 (X11; Linux x86_64; rv:143.0) Gecko/20100101 Firefox/143.0"} []
[2025-10-13T02:13:12.873551+00:00] HTTPSERVER.INFO: Processing request {"method":"GET","path":"/first-installation","routes_count":2} []
[2025-10-13T02:13:12.873658+00:00] HTTPSERVER.INFO: Route matched {"route_path":"/first-installation","parameters":[]} []
[2025-10-13T02:13:12.874187+00:00] HTTPSERVER.DEBUG: Response created {"status_code":200,"headers":{"Content-Type":"text/html; charset=UTF-8"},"content_length":1424} []
[2025-10-13T02:13:12.874334+00:00] HTTPSERVER.INFO: Response sent {"status_code":200,"content_type":"text/html; charset=UTF-8","content_length":1424} []
[2025-10-13T02:13:19.214871+00:00] HTTPSERVER.INFO: New HTTP Request {"method":"GET","uri":"http://192.168.1.43:8000/first-installation","user_agent":"Mozilla/5.0 (X11; Linux x86_64; rv:143.0) Gecko/20100101 Firefox/143.0"} []
[2025-10-13T02:13:19.215070+00:00] HTTPSERVER.INFO: Processing request {"method":"GET","path":"/first-installation","routes_count":2} []
[2025-10-13T02:13:19.215173+00:00] HTTPSERVER.INFO: Route matched {"route_path":"/first-installation","parameters":[]} []
[2025-10-13T02:13:19.215500+00:00] HTTPSERVER.DEBUG: Response created {"status_code":200,"headers":{"Content-Type":"text/html; charset=UTF-8"},"content_length":1436} []
[2025-10-13T02:13:19.215686+00:00] HTTPSERVER.INFO: Response sent {"status_code":200,"content_type":"text/html; charset=UTF-8","content_length":1436} []
[2025-10-13T02:13:34.340334+00:00] HTTPSERVER.INFO: New HTTP Request {"method":"GET","uri":"http://192.168.1.43:8000/first-installation","user_agent":"Mozilla/5.0 (X11; Linux x86_64; rv:143.0) Gecko/20100101 Firefox/143.0"} []
[2025-10-13T02:13:34.340682+00:00] HTTPSERVER.INFO: Processing request {"method":"GET","path":"/first-installation","routes_count":2} []
[2025-10-13T02:13:34.340812+00:00] HTTPSERVER.INFO: Route matched {"route_path":"/first-installation","parameters":[]} []
[2025-10-13T02:13:34.341182+00:00] HTTPSERVER.DEBUG: Response created {"status_code":200,"headers":{"Content-Type":"text/html; charset=UTF-8"},"content_length":1472} []
[2025-10-13T02:13:34.341337+00:00] HTTPSERVER.INFO: Response sent {"status_code":200,"content_type":"text/html; charset=UTF-8","content_length":1472} []
[2025-10-13T02:13:55.120580+00:00] HTTPSERVER.INFO: New HTTP Request {"method":"GET","uri":"http://192.168.1.43:8000/favicon.ico","user_agent":"Mozilla/5.0 (Linux; Android 10; K) AppleWebKit/537.36 (KHTML, like Gecko) Chrome/141.0.0.0 Mobile Safari/537.36"} []
[2025-10-13T02:13:55.120796+00:00] HTTPSERVER.INFO: Processing request {"method":"GET","path":"/favicon.ico","routes_count":2} []
[2025-10-13T02:13:55.120961+00:00] HTTPSERVER.WARNING: No route found {"method":"GET","path":"/favicon.ico"} []
[2025-10-13T02:13:55.121133+00:00] HTTPSERVER.DEBUG: Response created {"status_code":404,"headers":{"Content-Type":"text/html; charset=UTF-8"},"content_length":29} []
[2025-10-13T02:13:55.121251+00:00] HTTPSERVER.INFO: Response sent {"status_code":404,"content_type":"text/html; charset=UTF-8","content_length":29} []
[2025-10-13T02:13:57.332328+00:00] HTTPSERVER.INFO: New HTTP Request {"method":"GET","uri":"http://192.168.1.43:8000/first-installation","user_agent":"Mozilla/5.0 (Linux; Android 10; K) AppleWebKit/537.36 (KHTML, like Gecko) Chrome/141.0.0.0 Mobile Safari/537.36"} []
[2025-10-13T02:13:57.332502+00:00] HTTPSERVER.INFO: Processing request {"method":"GET","path":"/first-installation","routes_count":2} []
[2025-10-13T02:13:57.332610+00:00] HTTPSERVER.INFO: Route matched {"route_path":"/first-installation","parameters":[]} []
[2025-10-13T02:13:57.332879+00:00] HTTPSERVER.DEBUG: Response created {"status_code":200,"headers":{"Content-Type":"text/html; charset=UTF-8"},"content_length":1472} []
[2025-10-13T02:13:57.332986+00:00] HTTPSERVER.INFO: Response sent {"status_code":200,"content_type":"text/html; charset=UTF-8","content_length":1472} []
[2025-10-13T02:14:28.480370+00:00] HTTPSERVER.INFO: New HTTP Request {"method":"GET","uri":"http://192.168.1.43:8000/first-installation","user_agent":"Mozilla/5.0 (X11; Linux x86_64; rv:143.0) Gecko/20100101 Firefox/143.0"} []
[2025-10-13T02:14:28.480607+00:00] HTTPSERVER.INFO: Processing request {"method":"GET","path":"/first-installation","routes_count":2} []
[2025-10-13T02:14:28.480689+00:00] HTTPSERVER.INFO: Route matched {"route_path":"/first-installation","parameters":[]} []
[2025-10-13T02:14:28.480955+00:00] HTTPSERVER.DEBUG: Response created {"status_code":200,"headers":{"Content-Type":"text/html; charset=UTF-8"},"content_length":1484} []
[2025-10-13T02:14:28.481106+00:00] HTTPSERVER.INFO: Response sent {"status_code":200,"content_type":"text/html; charset=UTF-8","content_length":1484} []
[2025-10-13T02:14:40.373136+00:00] HTTPSERVER.INFO: New HTTP Request {"method":"GET","uri":"http://192.168.1.43:8000/first-installation","user_agent":"Mozilla/5.0 (X11; Linux x86_64; rv:143.0) Gecko/20100101 Firefox/143.0"} []
[2025-10-13T02:14:40.373331+00:00] HTTPSERVER.INFO: Processing request {"method":"GET","path":"/first-installation","routes_count":2} []
[2025-10-13T02:14:40.373404+00:00] HTTPSERVER.INFO: Route matched {"route_path":"/first-installation","parameters":[]} []
[2025-10-13T02:14:40.373759+00:00] HTTPSERVER.DEBUG: Response created {"status_code":200,"headers":{"Content-Type":"text/html; charset=UTF-8"},"content_length":1495} []
[2025-10-13T02:14:40.373876+00:00] HTTPSERVER.INFO: Response sent {"status_code":200,"content_type":"text/html; charset=UTF-8","content_length":1495} []
[2025-10-13T02:14:53.894932+00:00] HTTPSERVER.INFO: New HTTP Request {"method":"GET","uri":"http://192.168.1.43:8000/first-installation","user_agent":"Mozilla/5.0 (X11; Linux x86_64; rv:143.0) Gecko/20100101 Firefox/143.0"} []
[2025-10-13T02:14:53.895174+00:00] HTTPSERVER.INFO: Processing request {"method":"GET","path":"/first-installation","routes_count":2} []
[2025-10-13T02:14:53.895281+00:00] HTTPSERVER.INFO: Route matched {"route_path":"/first-installation","parameters":[]} []
[2025-10-13T02:14:53.895617+00:00] HTTPSERVER.DEBUG: Response created {"status_code":200,"headers":{"Content-Type":"text/html; charset=UTF-8"},"content_length":1507} []
[2025-10-13T02:14:53.895744+00:00] HTTPSERVER.INFO: Response sent {"status_code":200,"content_type":"text/html; charset=UTF-8","content_length":1507} []
[2025-10-13T02:15:00.670654+00:00] HTTPSERVER.INFO: New HTTP Request {"method":"GET","uri":"http://192.168.1.43:8000/first-installation","user_agent":"Mozilla/5.0 (X11; Linux x86_64; rv:143.0) Gecko/20100101 Firefox/143.0"} []
[2025-10-13T02:15:00.670849+00:00] HTTPSERVER.INFO: Processing request {"method":"GET","path":"/first-installation","routes_count":2} []
[2025-10-13T02:15:00.670964+00:00] HTTPSERVER.INFO: Route matched {"route_path":"/first-installation","parameters":[]} []
[2025-10-13T02:15:00.671223+00:00] HTTPSERVER.DEBUG: Response created {"status_code":200,"headers":{"Content-Type":"text/html; charset=UTF-8"},"content_length":1512} []
[2025-10-13T02:15:00.671417+00:00] HTTPSERVER.INFO: Response sent {"status_code":200,"content_type":"text/html; charset=UTF-8","content_length":1512} []
[2025-10-13T02:15:14.913891+00:00] HTTPSERVER.INFO: New HTTP Request {"method":"GET","uri":"http://192.168.1.43:8000/first-installation","user_agent":"Mozilla/5.0 (X11; Linux x86_64; rv:143.0) Gecko/20100101 Firefox/143.0"} []
[2025-10-13T02:15:14.914259+00:00] HTTPSERVER.INFO: Processing request {"method":"GET","path":"/first-installation","routes_count":2} []
[2025-10-13T02:15:14.914374+00:00] HTTPSERVER.INFO: Route matched {"route_path":"/first-installation","parameters":[]} []
[2025-10-13T02:15:14.914816+00:00] HTTPSERVER.DEBUG: Response created {"status_code":200,"headers":{"Content-Type":"text/html; charset=UTF-8"},"content_length":1521} []
[2025-10-13T02:15:14.914993+00:00] HTTPSERVER.INFO: Response sent {"status_code":200,"content_type":"text/html; charset=UTF-8","content_length":1521} []
[2025-10-13T02:15:34.292323+00:00] HTTPSERVER.INFO: New HTTP Request {"method":"GET","uri":"http://192.168.1.43:8000/first-installation","user_agent":"Mozilla/5.0 (X11; Linux x86_64; rv:143.0) Gecko/20100101 Firefox/143.0"} []
[2025-10-13T02:15:34.292513+00:00] HTTPSERVER.INFO: Processing request {"method":"GET","path":"/first-installation","routes_count":2} []
[2025-10-13T02:15:34.292635+00:00] HTTPSERVER.INFO: Route matched {"route_path":"/first-installation","parameters":[]} []
[2025-10-13T02:15:34.292954+00:00] HTTPSERVER.DEBUG: Response created {"status_code":200,"headers":{"Content-Type":"text/html; charset=UTF-8"},"content_length":1511} []
[2025-10-13T02:15:34.293103+00:00] HTTPSERVER.INFO: Response sent {"status_code":200,"content_type":"text/html; charset=UTF-8","content_length":1511} []
[2025-10-13T02:15:35.084099+00:00] HTTPSERVER.INFO: New HTTP Request {"method":"GET","uri":"http://192.168.1.43:8000/first-installation","user_agent":"Mozilla/5.0 (X11; Linux x86_64; rv:143.0) Gecko/20100101 Firefox/143.0"} []
[2025-10-13T02:15:35.084304+00:00] HTTPSERVER.INFO: Processing request {"method":"GET","path":"/first-installation","routes_count":2} []
[2025-10-13T02:15:35.084380+00:00] HTTPSERVER.INFO: Route matched {"route_path":"/first-installation","parameters":[]} []
[2025-10-13T02:15:35.084513+00:00] HTTPSERVER.DEBUG: Response created {"status_code":200,"headers":{"Content-Type":"text/html; charset=UTF-8"},"content_length":1511} []
[2025-10-13T02:15:35.084645+00:00] HTTPSERVER.INFO: Response sent {"status_code":200,"content_type":"text/html; charset=UTF-8","content_length":1511} []
[2025-10-13T02:15:38.797244+00:00] HTTPSERVER.INFO: New HTTP Request {"method":"GET","uri":"http://192.168.1.43:8000/first-installation","user_agent":"Mozilla/5.0 (X11; Linux x86_64; rv:143.0) Gecko/20100101 Firefox/143.0"} []
[2025-10-13T02:15:38.797442+00:00] HTTPSERVER.INFO: Processing request {"method":"GET","path":"/first-installation","routes_count":2} []
[2025-10-13T02:15:38.797546+00:00] HTTPSERVER.INFO: Route matched {"route_path":"/first-installation","parameters":[]} []
[2025-10-13T02:15:38.797891+00:00] HTTPSERVER.DEBUG: Response created {"status_code":200,"headers":{"Content-Type":"text/html; charset=UTF-8"},"content_length":1523} []
[2025-10-13T02:15:38.798031+00:00] HTTPSERVER.INFO: Response sent {"status_code":200,"content_type":"text/html; charset=UTF-8","content_length":1523} []
[2025-10-13T02:15:39.292251+00:00] HTTPSERVER.INFO: New HTTP Request {"method":"GET","uri":"http://192.168.1.43:8000/first-installation","user_agent":"Mozilla/5.0 (X11; Linux x86_64; rv:143.0) Gecko/20100101 Firefox/143.0"} []
[2025-10-13T02:15:39.292442+00:00] HTTPSERVER.INFO: Processing request {"method":"GET","path":"/first-installation","routes_count":2} []
[2025-10-13T02:15:39.292581+00:00] HTTPSERVER.INFO: Route matched {"route_path":"/first-installation","parameters":[]} []
[2025-10-13T02:15:39.292944+00:00] HTTPSERVER.DEBUG: Response created {"status_code":200,"headers":{"Content-Type":"text/html; charset=UTF-8"},"content_length":1523} []
[2025-10-13T02:15:39.293077+00:00] HTTPSERVER.INFO: Response sent {"status_code":200,"content_type":"text/html; charset=UTF-8","content_length":1523} []
[2025-10-13T02:15:39.531668+00:00] HTTPSERVER.INFO: New HTTP Request {"method":"GET","uri":"http://192.168.1.43:8000/first-installation","user_agent":"Mozilla/5.0 (X11; Linux x86_64; rv:143.0) Gecko/20100101 Firefox/143.0"} []
[2025-10-13T02:15:39.531872+00:00] HTTPSERVER.INFO: Processing request {"method":"GET","path":"/first-installation","routes_count":2} []
[2025-10-13T02:15:39.531951+00:00] HTTPSERVER.INFO: Route matched {"route_path":"/first-installation","parameters":[]} []
[2025-10-13T02:15:39.532100+00:00] HTTPSERVER.DEBUG: Response created {"status_code":200,"headers":{"Content-Type":"text/html; charset=UTF-8"},"content_length":1523} []
[2025-10-13T02:15:39.532203+00:00] HTTPSERVER.INFO: Response sent {"status_code":200,"content_type":"text/html; charset=UTF-8","content_length":1523} []
[2025-10-13T02:15:39.714970+00:00] HTTPSERVER.INFO: New HTTP Request {"method":"GET","uri":"http://192.168.1.43:8000/first-installation","user_agent":"Mozilla/5.0 (X11; Linux x86_64; rv:143.0) Gecko/20100101 Firefox/143.0"} []
[2025-10-13T02:15:39.715143+00:00] HTTPSERVER.INFO: Processing request {"method":"GET","path":"/first-installation","routes_count":2} []
[2025-10-13T02:15:39.715214+00:00] HTTPSERVER.INFO: Route matched {"route_path":"/first-installation","parameters":[]} []
[2025-10-13T02:15:39.715338+00:00] HTTPSERVER.DEBUG: Response created {"status_code":200,"headers":{"Content-Type":"text/html; charset=UTF-8"},"content_length":1523} []
[2025-10-13T02:15:39.715428+00:00] HTTPSERVER.INFO: Response sent {"status_code":200,"content_type":"text/html; charset=UTF-8","content_length":1523} []
[2025-10-13T02:15:44.395656+00:00] HTTPSERVER.INFO: New HTTP Request {"method":"GET","uri":"http://192.168.1.43:8000/first-installation","user_agent":"Mozilla/5.0 (X11; Linux x86_64; rv:143.0) Gecko/20100101 Firefox/143.0"} []
[2025-10-13T02:15:44.395849+00:00] HTTPSERVER.INFO: Processing request {"method":"GET","path":"/first-installation","routes_count":2} []
[2025-10-13T02:15:44.395920+00:00] HTTPSERVER.INFO: Route matched {"route_path":"/first-installation","parameters":[]} []
[2025-10-13T02:15:44.396164+00:00] HTTPSERVER.DEBUG: Response created {"status_code":200,"headers":{"Content-Type":"text/html; charset=UTF-8"},"content_length":1527} []
[2025-10-13T02:15:44.396302+00:00] HTTPSERVER.INFO: Response sent {"status_code":200,"content_type":"text/html; charset=UTF-8","content_length":1527} []
[2025-10-13T02:15:50.293652+00:00] HTTPSERVER.INFO: New HTTP Request {"method":"GET","uri":"http://192.168.1.43:8000/first-installation","user_agent":"Mozilla/5.0 (X11; Linux x86_64; rv:143.0) Gecko/20100101 Firefox/143.0"} []
[2025-10-13T02:15:50.293854+00:00] HTTPSERVER.INFO: Processing request {"method":"GET","path":"/first-installation","routes_count":2} []
[2025-10-13T02:15:50.293955+00:00] HTTPSERVER.INFO: Route matched {"route_path":"/first-installation","parameters":[]} []
[2025-10-13T02:15:50.294312+00:00] HTTPSERVER.DEBUG: Response created {"status_code":200,"headers":{"Content-Type":"text/html; charset=UTF-8"},"content_length":1551} []
[2025-10-13T02:15:50.294441+00:00] HTTPSERVER.INFO: Response sent {"status_code":200,"content_type":"text/html; charset=UTF-8","content_length":1551} []
[2025-10-13T02:15:55.122665+00:00] HTTPSERVER.INFO: New HTTP Request {"method":"GET","uri":"http://192.168.1.43:8000/first-installation","user_agent":"Mozilla/5.0 (X11; Linux x86_64; rv:143.0) Gecko/20100101 Firefox/143.0"} []
[2025-10-13T02:15:55.122860+00:00] HTTPSERVER.INFO: Processing request {"method":"GET","path":"/first-installation","routes_count":2} []
[2025-10-13T02:15:55.122960+00:00] HTTPSERVER.INFO: Route matched {"route_path":"/first-installation","parameters":[]} []
[2025-10-13T02:15:55.123326+00:00] HTTPSERVER.DEBUG: Response created {"status_code":200,"headers":{"Content-Type":"text/html; charset=UTF-8"},"content_length":1563} []
[2025-10-13T02:15:55.123450+00:00] HTTPSERVER.INFO: Response sent {"status_code":200,"content_type":"text/html; charset=UTF-8","content_length":1563} []
[2025-10-13T02:16:23.534962+00:00] HTTPSERVER.INFO: New HTTP Request {"method":"GET","uri":"http://192.168.1.43:8000/first-installation","user_agent":"Mozilla/5.0 (X11; Linux x86_64; rv:143.0) Gecko/20100101 Firefox/143.0"} []
[2025-10-13T02:16:23.535156+00:00] HTTPSERVER.INFO: Processing request {"method":"GET","path":"/first-installation","routes_count":2} []
[2025-10-13T02:16:23.535230+00:00] HTTPSERVER.INFO: Route matched {"route_path":"/first-installation","parameters":[]} []
[2025-10-13T02:16:23.535641+00:00] HTTPSERVER.DEBUG: Response created {"status_code":200,"headers":{"Content-Type":"text/html; charset=UTF-8"},"content_length":1591} []
[2025-10-13T02:16:23.535796+00:00] HTTPSERVER.INFO: Response sent {"status_code":200,"content_type":"text/html; charset=UTF-8","content_length":1591} []
[2025-10-13T02:16:40.418798+00:00] HTTPSERVER.INFO: New HTTP Request {"method":"GET","uri":"http://192.168.1.43:8000/first-installation","user_agent":"Mozilla/5.0 (X11; Linux x86_64; rv:143.0) Gecko/20100101 Firefox/143.0"} []
[2025-10-13T02:16:40.419014+00:00] HTTPSERVER.INFO: Processing request {"method":"GET","path":"/first-installation","routes_count":2} []
[2025-10-13T02:16:40.419119+00:00] HTTPSERVER.INFO: Route matched {"route_path":"/first-installation","parameters":[]} []
[2025-10-13T02:16:40.419522+00:00] HTTPSERVER.DEBUG: Response created {"status_code":200,"headers":{"Content-Type":"text/html; charset=UTF-8"},"content_length":1596} []
[2025-10-13T02:16:40.419921+00:00] HTTPSERVER.INFO: Response sent {"status_code":200,"content_type":"text/html; charset=UTF-8","content_length":1596} []
[2025-10-13T02:16:46.538727+00:00] HTTPSERVER.INFO: New HTTP Request {"method":"GET","uri":"http://192.168.1.43:8000/first-installation","user_agent":"Mozilla/5.0 (X11; Linux x86_64; rv:143.0) Gecko/20100101 Firefox/143.0"} []
[2025-10-13T02:16:46.538950+00:00] HTTPSERVER.INFO: Processing request {"method":"GET","path":"/first-installation","routes_count":2} []
[2025-10-13T02:16:46.539062+00:00] HTTPSERVER.INFO: Route matched {"route_path":"/first-installation","parameters":[]} []
[2025-10-13T02:16:46.539521+00:00] HTTPSERVER.DEBUG: Response created {"status_code":200,"headers":{"Content-Type":"text/html; charset=UTF-8"},"content_length":1597} []
[2025-10-13T02:16:46.539745+00:00] HTTPSERVER.INFO: Response sent {"status_code":200,"content_type":"text/html; charset=UTF-8","content_length":1597} []
[2025-10-13T02:17:07.814989+00:00] HTTPSERVER.INFO: New HTTP Request {"method":"GET","uri":"http://192.168.1.43:8000/first-installation","user_agent":"Mozilla/5.0 (X11; Linux x86_64; rv:143.0) Gecko/20100101 Firefox/143.0"} []
[2025-10-13T02:17:07.815331+00:00] HTTPSERVER.INFO: Processing request {"method":"GET","path":"/first-installation","routes_count":2} []
[2025-10-13T02:17:07.815455+00:00] HTTPSERVER.INFO: Route matched {"route_path":"/first-installation","parameters":[]} []
[2025-10-13T02:17:07.818051+00:00] HTTPSERVER.DEBUG: Response created {"status_code":200,"headers":{"Content-Type":"text/html; charset=UTF-8"},"content_length":1611} []
[2025-10-13T02:17:07.818513+00:00] HTTPSERVER.INFO: Response sent {"status_code":200,"content_type":"text/html; charset=UTF-8","content_length":1611} []
[2025-10-13T02:17:08.392788+00:00] HTTPSERVER.INFO: New HTTP Request {"method":"GET","uri":"http://192.168.1.43:8000/first-installation","user_agent":"Mozilla/5.0 (X11; Linux x86_64; rv:143.0) Gecko/20100101 Firefox/143.0"} []
[2025-10-13T02:17:08.393017+00:00] HTTPSERVER.INFO: Processing request {"method":"GET","path":"/first-installation","routes_count":2} []
[2025-10-13T02:17:08.393127+00:00] HTTPSERVER.INFO: Route matched {"route_path":"/first-installation","parameters":[]} []
[2025-10-13T02:17:08.393510+00:00] HTTPSERVER.DEBUG: Response created {"status_code":200,"headers":{"Content-Type":"text/html; charset=UTF-8"},"content_length":1611} []
[2025-10-13T02:17:08.393897+00:00] HTTPSERVER.INFO: Response sent {"status_code":200,"content_type":"text/html; charset=UTF-8","content_length":1611} []
[2025-10-13T02:17:27.746209+00:00] HTTPSERVER.INFO: New HTTP Request {"method":"GET","uri":"http://192.168.1.43:8000/first-installation","user_agent":"Mozilla/5.0 (X11; Linux x86_64; rv:143.0) Gecko/20100101 Firefox/143.0"} []
[2025-10-13T02:17:27.747440+00:00] HTTPSERVER.INFO: Processing request {"method":"GET","path":"/first-installation","routes_count":2} []
[2025-10-13T02:17:27.747755+00:00] HTTPSERVER.INFO: Route matched {"route_path":"/first-installation","parameters":[]} []
[2025-10-13T02:17:27.748609+00:00] HTTPSERVER.DEBUG: Response created {"status_code":200,"headers":{"Content-Type":"text/html; charset=UTF-8"},"content_length":1619} []
[2025-10-13T02:17:27.749275+00:00] HTTPSERVER.INFO: Response sent {"status_code":200,"content_type":"text/html; charset=UTF-8","content_length":1619} []
[2025-10-13T02:17:40.941643+00:00] HTTPSERVER.INFO: New HTTP Request {"method":"GET","uri":"http://192.168.1.43:8000/first-installation","user_agent":"Mozilla/5.0 (X11; Linux x86_64; rv:143.0) Gecko/20100101 Firefox/143.0"} []
[2025-10-13T02:17:40.941924+00:00] HTTPSERVER.INFO: Processing request {"method":"GET","path":"/first-installation","routes_count":2} []
[2025-10-13T02:17:40.942038+00:00] HTTPSERVER.INFO: Route matched {"route_path":"/first-installation","parameters":[]} []
[2025-10-13T02:17:40.942419+00:00] HTTPSERVER.DEBUG: Response created {"status_code":200,"headers":{"Content-Type":"text/html; charset=UTF-8"},"content_length":1636} []
[2025-10-13T02:17:40.942581+00:00] HTTPSERVER.INFO: Response sent {"status_code":200,"content_type":"text/html; charset=UTF-8","content_length":1636} []
[2025-10-13T02:17:42.026112+00:00] HTTPSERVER.INFO: New HTTP Request {"method":"GET","uri":"http://192.168.1.43:8000/first-installation","user_agent":"Mozilla/5.0 (X11; Linux x86_64; rv:143.0) Gecko/20100101 Firefox/143.0"} []
[2025-10-13T02:17:42.026976+00:00] HTTPSERVER.INFO: Processing request {"method":"GET","path":"/first-installation","routes_count":2} []
[2025-10-13T02:17:42.027215+00:00] HTTPSERVER.INFO: Route matched {"route_path":"/first-installation","parameters":[]} []
[2025-10-13T02:17:42.027812+00:00] HTTPSERVER.DEBUG: Response created {"status_code":200,"headers":{"Content-Type":"text/html; charset=UTF-8"},"content_length":1636} []
[2025-10-13T02:17:42.027981+00:00] HTTPSERVER.INFO: Response sent {"status_code":200,"content_type":"text/html; charset=UTF-8","content_length":1636} []
[2025-10-13T02:17:45.521660+00:00] HTTPSERVER.INFO: New HTTP Request {"method":"GET","uri":"http://192.168.1.43:8000/first-installation","user_agent":"Mozilla/5.0 (Linux; Android 10; K) AppleWebKit/537.36 (KHTML, like Gecko) Chrome/141.0.0.0 Mobile Safari/537.36"} []
[2025-10-13T02:17:45.521877+00:00] HTTPSERVER.INFO: Processing request {"method":"GET","path":"/first-installation","routes_count":2} []
[2025-10-13T02:17:45.521960+00:00] HTTPSERVER.INFO: Route matched {"route_path":"/first-installation","parameters":[]} []
[2025-10-13T02:17:45.522142+00:00] HTTPSERVER.DEBUG: Response created {"status_code":200,"headers":{"Content-Type":"text/html; charset=UTF-8"},"content_length":1636} []
[2025-10-13T02:17:45.522282+00:00] HTTPSERVER.INFO: Response sent {"status_code":200,"content_type":"text/html; charset=UTF-8","content_length":1636} []
[2025-10-13T02:18:17.049225+00:00] HTTPSERVER.INFO: New HTTP Request {"method":"GET","uri":"http://192.168.1.43:8000/first-installation","user_agent":"Mozilla/5.0 (X11; Linux x86_64; rv:143.0) Gecko/20100101 Firefox/143.0"} []
[2025-10-13T02:18:17.049419+00:00] HTTPSERVER.INFO: Processing request {"method":"GET","path":"/first-installation","routes_count":2} []
[2025-10-13T02:18:17.049494+00:00] HTTPSERVER.INFO: Route matched {"route_path":"/first-installation","parameters":[]} []
[2025-10-13T02:18:17.049925+00:00] HTTPSERVER.DEBUG: Response created {"status_code":200,"headers":{"Content-Type":"text/html; charset=UTF-8"},"content_length":1665} []
[2025-10-13T02:18:17.050231+00:00] HTTPSERVER.INFO: Response sent {"status_code":200,"content_type":"text/html; charset=UTF-8","content_length":1665} []
[2025-10-13T02:18:24.632101+00:00] HTTPSERVER.INFO: New HTTP Request {"method":"GET","uri":"http://192.168.1.43:8000/first-installation","user_agent":"Mozilla/5.0 (X11; Linux x86_64; rv:143.0) Gecko/20100101 Firefox/143.0"} []
[2025-10-13T02:18:24.632307+00:00] HTTPSERVER.INFO: Processing request {"method":"GET","path":"/first-installation","routes_count":2} []
[2025-10-13T02:18:24.632382+00:00] HTTPSERVER.INFO: Route matched {"route_path":"/first-installation","parameters":[]} []
[2025-10-13T02:18:24.632685+00:00] HTTPSERVER.DEBUG: Response created {"status_code":200,"headers":{"Content-Type":"text/html; charset=UTF-8"},"content_length":1674} []
[2025-10-13T02:18:24.632842+00:00] HTTPSERVER.INFO: Response sent {"status_code":200,"content_type":"text/html; charset=UTF-8","content_length":1674} []
[2025-10-13T02:18:38.219253+00:00] HTTPSERVER.INFO: New HTTP Request {"method":"GET","uri":"http://192.168.1.43:8000/first-installation","user_agent":"Mozilla/5.0 (X11; Linux x86_64; rv:143.0) Gecko/20100101 Firefox/143.0"} []
[2025-10-13T02:18:38.219447+00:00] HTTPSERVER.INFO: Processing request {"method":"GET","path":"/first-installation","routes_count":2} []
[2025-10-13T02:18:38.219523+00:00] HTTPSERVER.INFO: Route matched {"route_path":"/first-installation","parameters":[]} []
[2025-10-13T02:18:38.219892+00:00] HTTPSERVER.DEBUG: Response created {"status_code":200,"headers":{"Content-Type":"text/html; charset=UTF-8"},"content_length":1676} []
[2025-10-13T02:18:38.220045+00:00] HTTPSERVER.INFO: Response sent {"status_code":200,"content_type":"text/html; charset=UTF-8","content_length":1676} []
[2025-10-13T02:18:39.382584+00:00] HTTPSERVER.INFO: New HTTP Request {"method":"GET","uri":"http://192.168.1.43:8000/first-installation","user_agent":"Mozilla/5.0 (X11; Linux x86_64; rv:143.0) Gecko/20100101 Firefox/143.0"} []
[2025-10-13T02:18:39.382772+00:00] HTTPSERVER.INFO: Processing request {"method":"GET","path":"/first-installation","routes_count":2} []
[2025-10-13T02:18:39.382851+00:00] HTTPSERVER.INFO: Route matched {"route_path":"/first-installation","parameters":[]} []
[2025-10-13T02:18:39.382981+00:00] HTTPSERVER.DEBUG: Response created {"status_code":200,"headers":{"Content-Type":"text/html; charset=UTF-8"},"content_length":1676} []
[2025-10-13T02:18:39.383121+00:00] HTTPSERVER.INFO: Response sent {"status_code":200,"content_type":"text/html; charset=UTF-8","content_length":1676} []
[2025-10-13T02:18:39.831601+00:00] HTTPSERVER.INFO: New HTTP Request {"method":"GET","uri":"http://192.168.1.43:8000/first-installation","user_agent":"Mozilla/5.0 (X11; Linux x86_64; rv:143.0) Gecko/20100101 Firefox/143.0"} []
[2025-10-13T02:18:39.831780+00:00] HTTPSERVER.INFO: Processing request {"method":"GET","path":"/first-installation","routes_count":2} []
[2025-10-13T02:18:39.831855+00:00] HTTPSERVER.INFO: Route matched {"route_path":"/first-installation","parameters":[]} []
[2025-10-13T02:18:39.831980+00:00] HTTPSERVER.DEBUG: Response created {"status_code":200,"headers":{"Content-Type":"text/html; charset=UTF-8"},"content_length":1676} []
[2025-10-13T02:18:39.832091+00:00] HTTPSERVER.INFO: Response sent {"status_code":200,"content_type":"text/html; charset=UTF-8","content_length":1676} []
[2025-10-13T02:18:46.264605+00:00] HTTPSERVER.INFO: New HTTP Request {"method":"GET","uri":"http://192.168.1.43:8000/first-installation","user_agent":"Mozilla/5.0 (Linux; Android 10; K) AppleWebKit/537.36 (KHTML, like Gecko) Chrome/141.0.0.0 Mobile Safari/537.36"} []
[2025-10-13T02:18:46.265128+00:00] HTTPSERVER.INFO: Processing request {"method":"GET","path":"/first-installation","routes_count":2} []
[2025-10-13T02:18:46.265262+00:00] HTTPSERVER.INFO: Route matched {"route_path":"/first-installation","parameters":[]} []
[2025-10-13T02:18:46.265961+00:00] HTTPSERVER.DEBUG: Response created {"status_code":200,"headers":{"Content-Type":"text/html; charset=UTF-8"},"content_length":1667} []
[2025-10-13T02:18:46.266312+00:00] HTTPSERVER.INFO: Response sent {"status_code":200,"content_type":"text/html; charset=UTF-8","content_length":1667} []
[2025-10-13T02:18:46.931650+00:00] HTTPSERVER.INFO: New HTTP Request {"method":"GET","uri":"http://192.168.1.43:8000/first-installation","user_agent":"Mozilla/5.0 (Linux; Android 10; K) AppleWebKit/537.36 (KHTML, like Gecko) Chrome/141.0.0.0 Mobile Safari/537.36"} []
[2025-10-13T02:18:46.931835+00:00] HTTPSERVER.INFO: Processing request {"method":"GET","path":"/first-installation","routes_count":2} []
[2025-10-13T02:18:46.931934+00:00] HTTPSERVER.INFO: Route matched {"route_path":"/first-installation","parameters":[]} []
[2025-10-13T02:18:46.932109+00:00] HTTPSERVER.DEBUG: Response created {"status_code":200,"headers":{"Content-Type":"text/html; charset=UTF-8"},"content_length":1667} []
[2025-10-13T02:18:46.932242+00:00] HTTPSERVER.INFO: Response sent {"status_code":200,"content_type":"text/html; charset=UTF-8","content_length":1667} []
[2025-10-13T02:19:14.755376+00:00] HTTPSERVER.INFO: New HTTP Request {"method":"GET","uri":"http://192.168.1.43:8000/","user_agent":"Mozilla/5.0 (Linux; Android 10; K) AppleWebKit/537.36 (KHTML, like Gecko) Chrome/141.0.0.0 Mobile Safari/537.36"} []
[2025-10-13T02:19:14.755604+00:00] HTTPSERVER.INFO: Processing request {"method":"GET","path":"/","routes_count":2} []
[2025-10-13T02:19:14.755677+00:00] HTTPSERVER.INFO: Route matched {"route_path":"/","parameters":[]} []
[2025-10-13T02:19:14.755955+00:00] HTTPSERVER.DEBUG: Response created {"status_code":200,"headers":{"Content-Type":"text/html; charset=UTF-8"},"content_length":469} []
[2025-10-13T02:19:14.756111+00:00] HTTPSERVER.INFO: Response sent {"status_code":200,"content_type":"text/html; charset=UTF-8","content_length":469} []
[2025-10-13T02:19:15.452415+00:00] HTTPSERVER.INFO: New HTTP Request {"method":"GET","uri":"http://192.168.1.43:8000/first-installation","user_agent":"Mozilla/5.0 (Linux; Android 10; K) AppleWebKit/537.36 (KHTML, like Gecko) Chrome/141.0.0.0 Mobile Safari/537.36"} []
[2025-10-13T02:19:15.452896+00:00] HTTPSERVER.INFO: Processing request {"method":"GET","path":"/first-installation","routes_count":2} []
[2025-10-13T02:19:15.453039+00:00] HTTPSERVER.INFO: Route matched {"route_path":"/first-installation","parameters":[]} []
[2025-10-13T02:19:15.453753+00:00] HTTPSERVER.DEBUG: Response created {"status_code":200,"headers":{"Content-Type":"text/html; charset=UTF-8"},"content_length":1667} []
[2025-10-13T02:19:15.453966+00:00] HTTPSERVER.INFO: Response sent {"status_code":200,"content_type":"text/html; charset=UTF-8","content_length":1667} []
[2025-10-13T02:19:36.108767+00:00] HTTPSERVER.INFO: New HTTP Request {"method":"GET","uri":"http://192.168.1.43:8000/first-installation","user_agent":"Mozilla/5.0 (X11; Linux x86_64; rv:143.0) Gecko/20100101 Firefox/143.0"} []
[2025-10-13T02:19:36.108998+00:00] HTTPSERVER.INFO: Processing request {"method":"GET","path":"/first-installation","routes_count":2} []
[2025-10-13T02:19:36.109101+00:00] HTTPSERVER.INFO: Route matched {"route_path":"/first-installation","parameters":[]} []
[2025-10-13T02:19:36.109509+00:00] HTTPSERVER.DEBUG: Response created {"status_code":200,"headers":{"Content-Type":"text/html; charset=UTF-8"},"content_length":1668} []
[2025-10-13T02:19:36.109717+00:00] HTTPSERVER.INFO: Response sent {"status_code":200,"content_type":"text/html; charset=UTF-8","content_length":1668} []
[2025-10-13T02:19:43.286697+00:00] HTTPSERVER.INFO: New HTTP Request {"method":"GET","uri":"http://192.168.1.43:8000/first-installation","user_agent":"Mozilla/5.0 (X11; Linux x86_64; rv:143.0) Gecko/20100101 Firefox/143.0"} []
[2025-10-13T02:19:43.286895+00:00] HTTPSERVER.INFO: Processing request {"method":"GET","path":"/first-installation","routes_count":2} []
[2025-10-13T02:19:43.286999+00:00] HTTPSERVER.INFO: Route matched {"route_path":"/first-installation","parameters":[]} []
[2025-10-13T02:19:43.287405+00:00] HTTPSERVER.DEBUG: Response created {"status_code":200,"headers":{"Content-Type":"text/html; charset=UTF-8"},"content_length":1660} []
[2025-10-13T02:19:43.287532+00:00] HTTPSERVER.INFO: Response sent {"status_code":200,"content_type":"text/html; charset=UTF-8","content_length":1660} []
[2025-10-13T02:20:25.055456+00:00] HTTPSERVER.INFO: New HTTP Request {"method":"GET","uri":"http://192.168.1.43:8000/first-installation","user_agent":"Mozilla/5.0 (X11; Linux x86_64; rv:143.0) Gecko/20100101 Firefox/143.0"} []
[2025-10-13T02:20:25.055752+00:00] HTTPSERVER.INFO: Processing request {"method":"GET","path":"/first-installation","routes_count":2} []
[2025-10-13T02:20:25.055859+00:00] HTTPSERVER.INFO: Route matched {"route_path":"/first-installation","parameters":[]} []
[2025-10-13T02:20:25.056262+00:00] HTTPSERVER.DEBUG: Response created {"status_code":200,"headers":{"Content-Type":"text/html; charset=UTF-8"},"content_length":1705} []
[2025-10-13T02:20:25.056411+00:00] HTTPSERVER.INFO: Response sent {"status_code":200,"content_type":"text/html; charset=UTF-8","content_length":1705} []
[2025-10-13T02:20:25.650337+00:00] HTTPSERVER.INFO: New HTTP Request {"method":"GET","uri":"http://192.168.1.43:8000/first-installation","user_agent":"Mozilla/5.0 (X11; Linux x86_64; rv:143.0) Gecko/20100101 Firefox/143.0"} []
[2025-10-13T02:20:25.650645+00:00] HTTPSERVER.INFO: Processing request {"method":"GET","path":"/first-installation","routes_count":2} []
[2025-10-13T02:20:25.650773+00:00] HTTPSERVER.INFO: Route matched {"route_path":"/first-installation","parameters":[]} []
[2025-10-13T02:20:25.650997+00:00] HTTPSERVER.DEBUG: Response created {"status_code":200,"headers":{"Content-Type":"text/html; charset=UTF-8"},"content_length":1705} []
[2025-10-13T02:20:25.651159+00:00] HTTPSERVER.INFO: Response sent {"status_code":200,"content_type":"text/html; charset=UTF-8","content_length":1705} []
[2025-10-13T02:20:34.887334+00:00] HTTPSERVER.INFO: New HTTP Request {"method":"GET","uri":"http://192.168.1.43:8000/first-installation","user_agent":"Mozilla/5.0 (X11; Linux x86_64; rv:143.0) Gecko/20100101 Firefox/143.0"} []
[2025-10-13T02:20:34.887642+00:00] HTTPSERVER.INFO: Processing request {"method":"GET","path":"/first-installation","routes_count":2} []
[2025-10-13T02:20:34.887752+00:00] HTTPSERVER.INFO: Route matched {"route_path":"/first-installation","parameters":[]} []
[2025-10-13T02:20:34.888160+00:00] HTTPSERVER.DEBUG: Response created {"status_code":200,"headers":{"Content-Type":"text/html; charset=UTF-8"},"content_length":1705} []
[2025-10-13T02:20:34.888281+00:00] HTTPSERVER.INFO: Response sent {"status_code":200,"content_type":"text/html; charset=UTF-8","content_length":1705} []
[2025-10-13T02:20:51.978471+00:00] HTTPSERVER.INFO: New HTTP Request {"method":"GET","uri":"http://192.168.1.43:8000/first-installation","user_agent":"Mozilla/5.0 (X11; Linux x86_64; rv:143.0) Gecko/20100101 Firefox/143.0"} []
[2025-10-13T02:20:51.978709+00:00] HTTPSERVER.INFO: Processing request {"method":"GET","path":"/first-installation","routes_count":2} []
[2025-10-13T02:20:51.978815+00:00] HTTPSERVER.INFO: Route matched {"route_path":"/first-installation","parameters":[]} []
[2025-10-13T02:20:51.979132+00:00] HTTPSERVER.DEBUG: Response created {"status_code":200,"headers":{"Content-Type":"text/html; charset=UTF-8"},"content_length":1705} []
[2025-10-13T02:20:51.979260+00:00] HTTPSERVER.INFO: Response sent {"status_code":200,"content_type":"text/html; charset=UTF-8","content_length":1705} []
[2025-10-13T02:20:52.557207+00:00] HTTPSERVER.INFO: New HTTP Request {"method":"GET","uri":"http://192.168.1.43:8000/first-installation","user_agent":"Mozilla/5.0 (X11; Linux x86_64; rv:143.0) Gecko/20100101 Firefox/143.0"} []
[2025-10-13T02:20:52.557380+00:00] HTTPSERVER.INFO: Processing request {"method":"GET","path":"/first-installation","routes_count":2} []
[2025-10-13T02:20:52.557453+00:00] HTTPSERVER.INFO: Route matched {"route_path":"/first-installation","parameters":[]} []
[2025-10-13T02:20:52.557692+00:00] HTTPSERVER.DEBUG: Response created {"status_code":200,"headers":{"Content-Type":"text/html; charset=UTF-8"},"content_length":1705} []
[2025-10-13T02:20:52.557841+00:00] HTTPSERVER.INFO: Response sent {"status_code":200,"content_type":"text/html; charset=UTF-8","content_length":1705} []
[2025-10-13T02:21:01.365866+00:00] HTTPSERVER.INFO: New HTTP Request {"method":"GET","uri":"http://192.168.1.43:8000/first-installation","user_agent":"Mozilla/5.0 (X11; Linux x86_64; rv:143.0) Gecko/20100101 Firefox/143.0"} []
[2025-10-13T02:21:01.366141+00:00] HTTPSERVER.INFO: Processing request {"method":"GET","path":"/first-installation","routes_count":2} []
[2025-10-13T02:21:01.366256+00:00] HTTPSERVER.INFO: Route matched {"route_path":"/first-installation","parameters":[]} []
[2025-10-13T02:21:01.366717+00:00] HTTPSERVER.DEBUG: Response created {"status_code":200,"headers":{"Content-Type":"text/html; charset=UTF-8"},"content_length":1719} []
[2025-10-13T02:21:01.366899+00:00] HTTPSERVER.INFO: Response sent {"status_code":200,"content_type":"text/html; charset=UTF-8","content_length":1719} []
[2025-10-13T02:21:13.721111+00:00] HTTPSERVER.INFO: New HTTP Request {"method":"GET","uri":"http://192.168.1.43:8000/first-installation","user_agent":"Mozilla/5.0 (X11; Linux x86_64; rv:143.0) Gecko/20100101 Firefox/143.0"} []
[2025-10-13T02:21:13.721302+00:00] HTTPSERVER.INFO: Processing request {"method":"GET","path":"/first-installation","routes_count":2} []
[2025-10-13T02:21:13.721375+00:00] HTTPSERVER.INFO: Route matched {"route_path":"/first-installation","parameters":[]} []
[2025-10-13T02:21:13.721823+00:00] HTTPSERVER.DEBUG: Response created {"status_code":200,"headers":{"Content-Type":"text/html; charset=UTF-8"},"content_length":1741} []
[2025-10-13T02:21:13.721998+00:00] HTTPSERVER.INFO: Response sent {"status_code":200,"content_type":"text/html; charset=UTF-8","content_length":1741} []
[2025-10-13T02:21:14.364094+00:00] HTTPSERVER.INFO: New HTTP Request {"method":"GET","uri":"http://192.168.1.43:8000/first-installation","user_agent":"Mozilla/5.0 (X11; Linux x86_64; rv:143.0) Gecko/20100101 Firefox/143.0"} []
[2025-10-13T02:21:14.364270+00:00] HTTPSERVER.INFO: Processing request {"method":"GET","path":"/first-installation","routes_count":2} []
[2025-10-13T02:21:14.364344+00:00] HTTPSERVER.INFO: Route matched {"route_path":"/first-installation","parameters":[]} []
[2025-10-13T02:21:14.364468+00:00] HTTPSERVER.DEBUG: Response created {"status_code":200,"headers":{"Content-Type":"text/html; charset=UTF-8"},"content_length":1741} []
[2025-10-13T02:21:14.364646+00:00] HTTPSERVER.INFO: Response sent {"status_code":200,"content_type":"text/html; charset=UTF-8","content_length":1741} []
[2025-10-13T02:21:14.767753+00:00] HTTPSERVER.INFO: New HTTP Request {"method":"GET","uri":"http://192.168.1.43:8000/first-installation","user_agent":"Mozilla/5.0 (X11; Linux x86_64; rv:143.0) Gecko/20100101 Firefox/143.0"} []
[2025-10-13T02:21:14.767999+00:00] HTTPSERVER.INFO: Processing request {"method":"GET","path":"/first-installation","routes_count":2} []
[2025-10-13T02:21:14.768124+00:00] HTTPSERVER.INFO: Route matched {"route_path":"/first-installation","parameters":[]} []
[2025-10-13T02:21:14.768336+00:00] HTTPSERVER.DEBUG: Response created {"status_code":200,"headers":{"Content-Type":"text/html; charset=UTF-8"},"content_length":1741} []
[2025-10-13T02:21:14.768495+00:00] HTTPSERVER.INFO: Response sent {"status_code":200,"content_type":"text/html; charset=UTF-8","content_length":1741} []
[2025-10-13T02:21:24.496862+00:00] HTTPSERVER.INFO: New HTTP Request {"method":"GET","uri":"http://192.168.1.43:8000/first-installation","user_agent":"Mozilla/5.0 (X11; Linux x86_64; rv:143.0) Gecko/20100101 Firefox/143.0"} []
[2025-10-13T02:21:24.497104+00:00] HTTPSERVER.INFO: Processing request {"method":"GET","path":"/first-installation","routes_count":2} []
[2025-10-13T02:21:24.497220+00:00] HTTPSERVER.INFO: Route matched {"route_path":"/first-installation","parameters":[]} []
[2025-10-13T02:21:24.497716+00:00] HTTPSERVER.DEBUG: Response created {"status_code":200,"headers":{"Content-Type":"text/html; charset=UTF-8"},"content_length":1733} []
[2025-10-13T02:21:24.497916+00:00] HTTPSERVER.INFO: Response sent {"status_code":200,"content_type":"text/html; charset=UTF-8","content_length":1733} []
[2025-10-13T02:21:25.237481+00:00] HTTPSERVER.INFO: New HTTP Request {"method":"GET","uri":"http://192.168.1.43:8000/first-installation","user_agent":"Mozilla/5.0 (X11; Linux x86_64; rv:143.0) Gecko/20100101 Firefox/143.0"} []
[2025-10-13T02:21:25.237699+00:00] HTTPSERVER.INFO: Processing request {"method":"GET","path":"/first-installation","routes_count":2} []
[2025-10-13T02:21:25.237780+00:00] HTTPSERVER.INFO: Route matched {"route_path":"/first-installation","parameters":[]} []
[2025-10-13T02:21:25.237917+00:00] HTTPSERVER.DEBUG: Response created {"status_code":200,"headers":{"Content-Type":"text/html; charset=UTF-8"},"content_length":1733} []
[2025-10-13T02:21:25.238033+00:00] HTTPSERVER.INFO: Response sent {"status_code":200,"content_type":"text/html; charset=UTF-8","content_length":1733} []
[2025-10-13T02:21:30.378976+00:00] HTTPSERVER.INFO: New HTTP Request {"method":"GET","uri":"http://192.168.1.43:8000/first-installation","user_agent":"Mozilla/5.0 (X11; Linux x86_64; rv:143.0) Gecko/20100101 Firefox/143.0"} []
[2025-10-13T02:21:30.379776+00:00] HTTPSERVER.INFO: Processing request {"method":"GET","path":"/first-installation","routes_count":2} []
[2025-10-13T02:21:30.380167+00:00] HTTPSERVER.INFO: Route matched {"route_path":"/first-installation","parameters":[]} []
[2025-10-13T02:21:30.381527+00:00] HTTPSERVER.DEBUG: Response created {"status_code":200,"headers":{"Content-Type":"text/html; charset=UTF-8"},"content_length":1737} []
[2025-10-13T02:21:30.382081+00:00] HTTPSERVER.INFO: Response sent {"status_code":200,"content_type":"text/html; charset=UTF-8","content_length":1737} []
[2025-10-13T02:21:49.800001+00:00] HTTPSERVER.INFO: New HTTP Request {"method":"GET","uri":"http://192.168.1.43:8000/first-installation","user_agent":"Mozilla/5.0 (X11; Linux x86_64; rv:143.0) Gecko/20100101 Firefox/143.0"} []
[2025-10-13T02:21:49.800356+00:00] HTTPSERVER.INFO: Processing request {"method":"GET","path":"/first-installation","routes_count":2} []
[2025-10-13T02:21:49.800467+00:00] HTTPSERVER.INFO: Route matched {"route_path":"/first-installation","parameters":[]} []
[2025-10-13T02:21:49.800892+00:00] HTTPSERVER.DEBUG: Response created {"status_code":200,"headers":{"Content-Type":"text/html; charset=UTF-8"},"content_length":1934} []
[2025-10-13T02:21:49.801306+00:00] HTTPSERVER.INFO: Response sent {"status_code":200,"content_type":"text/html; charset=UTF-8","content_length":1934} []
[2025-10-13T02:23:09.311745+00:00] HTTPSERVER.INFO: New HTTP Request {"method":"GET","uri":"http://192.168.1.43:8000/first-installation","user_agent":"Mozilla/5.0 (X11; Linux x86_64; rv:143.0) Gecko/20100101 Firefox/143.0"} []
[2025-10-13T02:23:09.312033+00:00] HTTPSERVER.INFO: Processing request {"method":"GET","path":"/first-installation","routes_count":2} []
[2025-10-13T02:23:09.312156+00:00] HTTPSERVER.INFO: Route matched {"route_path":"/first-installation","parameters":[]} []
[2025-10-13T02:23:09.312522+00:00] HTTPSERVER.DEBUG: Response created {"status_code":200,"headers":{"Content-Type":"text/html; charset=UTF-8"},"content_length":1967} []
[2025-10-13T02:23:09.312657+00:00] HTTPSERVER.INFO: Response sent {"status_code":200,"content_type":"text/html; charset=UTF-8","content_length":1967} []
[2025-10-13T02:23:26.226833+00:00] HTTPSERVER.INFO: New HTTP Request {"method":"GET","uri":"http://192.168.1.43:8000/first-installation","user_agent":"Mozilla/5.0 (Linux; Android 10; K) AppleWebKit/537.36 (KHTML, like Gecko) Chrome/141.0.0.0 Mobile Safari/537.36"} []
[2025-10-13T02:23:26.227113+00:00] HTTPSERVER.INFO: Processing request {"method":"GET","path":"/first-installation","routes_count":2} []
[2025-10-13T02:23:26.227225+00:00] HTTPSERVER.INFO: Route matched {"route_path":"/first-installation","parameters":[]} []
[2025-10-13T02:23:26.227499+00:00] HTTPSERVER.DEBUG: Response created {"status_code":200,"headers":{"Content-Type":"text/html; charset=UTF-8"},"content_length":1967} []
[2025-10-13T02:23:26.227737+00:00] HTTPSERVER.INFO: Response sent {"status_code":200,"content_type":"text/html; charset=UTF-8","content_length":1967} []
[2025-10-13T02:23:36.665728+00:00] HTTPSERVER.INFO: New HTTP Request {"method":"GET","uri":"http://192.168.1.43:8000/first-installation","user_agent":"Mozilla/5.0 (Linux; Android 10; K) AppleWebKit/537.36 (KHTML, like Gecko) Chrome/141.0.0.0 Mobile Safari/537.36"} []
[2025-10-13T02:23:36.665923+00:00] HTTPSERVER.INFO: Processing request {"method":"GET","path":"/first-installation","routes_count":2} []
[2025-10-13T02:23:36.666021+00:00] HTTPSERVER.INFO: Route matched {"route_path":"/first-installation","parameters":[]} []
[2025-10-13T02:23:36.666240+00:00] HTTPSERVER.DEBUG: Response created {"status_code":200,"headers":{"Content-Type":"text/html; charset=UTF-8"},"content_length":1967} []
[2025-10-13T02:23:36.666374+00:00] HTTPSERVER.INFO: Response sent {"status_code":200,"content_type":"text/html; charset=UTF-8","content_length":1967} []
[2025-10-13T02:27:09.512305+00:00] HTTPSERVER.INFO: New HTTP Request {"method":"GET","uri":"http://192.168.1.43:8000/first-installation","user_agent":"Mozilla/5.0 (X11; Linux x86_64; rv:143.0) Gecko/20100101 Firefox/143.0"} []
[2025-10-13T02:27:09.512533+00:00] HTTPSERVER.INFO: Processing request {"method":"GET","path":"/first-installation","routes_count":2} []
[2025-10-13T02:27:09.512661+00:00] HTTPSERVER.INFO: Route matched {"route_path":"/first-installation","parameters":[]} []
[2025-10-13T02:27:09.513055+00:00] HTTPSERVER.DEBUG: Response created {"status_code":200,"headers":{"Content-Type":"text/html; charset=UTF-8"},"content_length":2278} []
[2025-10-13T02:27:09.513298+00:00] HTTPSERVER.INFO: Response sent {"status_code":200,"content_type":"text/html; charset=UTF-8","content_length":2278} []
[2025-10-13T02:27:16.091826+00:00] HTTPSERVER.INFO: New HTTP Request {"method":"GET","uri":"http://192.168.1.43:8000/first-installation","user_agent":"Mozilla/5.0 (Linux; Android 10; K) AppleWebKit/537.36 (KHTML, like Gecko) Chrome/141.0.0.0 Mobile Safari/537.36"} []
[2025-10-13T02:27:16.092071+00:00] HTTPSERVER.INFO: Processing request {"method":"GET","path":"/first-installation","routes_count":2} []
[2025-10-13T02:27:16.092183+00:00] HTTPSERVER.INFO: Route matched {"route_path":"/first-installation","parameters":[]} []
[2025-10-13T02:27:16.092426+00:00] HTTPSERVER.DEBUG: Response created {"status_code":200,"headers":{"Content-Type":"text/html; charset=UTF-8"},"content_length":2278} []
[2025-10-13T02:27:16.092607+00:00] HTTPSERVER.INFO: Response sent {"status_code":200,"content_type":"text/html; charset=UTF-8","content_length":2278} []
[2025-10-13T02:28:38.081175+00:00] HTTPSERVER.INFO: New HTTP Request {"method":"GET","uri":"http://192.168.1.43:8000/first-installation","user_agent":"Mozilla/5.0 (X11; Linux x86_64; rv:143.0) Gecko/20100101 Firefox/143.0"} []
[2025-10-13T02:28:38.081376+00:00] HTTPSERVER.INFO: Processing request {"method":"GET","path":"/first-installation","routes_count":2} []
[2025-10-13T02:28:38.081450+00:00] HTTPSERVER.INFO: Route matched {"route_path":"/first-installation","parameters":[]} []
[2025-10-13T02:28:38.081792+00:00] HTTPSERVER.DEBUG: Response created {"status_code":200,"headers":{"Content-Type":"text/html; charset=UTF-8"},"content_length":2340} []
[2025-10-13T02:28:38.081913+00:00] HTTPSERVER.INFO: Response sent {"status_code":200,"content_type":"text/html; charset=UTF-8","content_length":2340} []
[2025-10-13T02:28:47.213004+00:00] HTTPSERVER.INFO: New HTTP Request {"method":"GET","uri":"http://192.168.1.43:8000/first-installation","user_agent":"Mozilla/5.0 (X11; Linux x86_64; rv:143.0) Gecko/20100101 Firefox/143.0"} []
[2025-10-13T02:28:47.213198+00:00] HTTPSERVER.INFO: Processing request {"method":"GET","path":"/first-installation","routes_count":2} []
[2025-10-13T02:28:47.213272+00:00] HTTPSERVER.INFO: Route matched {"route_path":"/first-installation","parameters":[]} []
[2025-10-13T02:28:47.213444+00:00] HTTPSERVER.DEBUG: Response created {"status_code":200,"headers":{"Content-Type":"text/html; charset=UTF-8"},"content_length":2340} []
[2025-10-13T02:28:47.213624+00:00] HTTPSERVER.INFO: Response sent {"status_code":200,"content_type":"text/html; charset=UTF-8","content_length":2340} []
[2025-10-13T02:30:34.859929+00:00] HTTPSERVER.INFO: New HTTP Request {"method":"GET","uri":"http://192.168.1.43:8000/first-installation","user_agent":"Mozilla/5.0 (X11; Linux x86_64; rv:143.0) Gecko/20100101 Firefox/143.0"} []
[2025-10-13T02:30:34.860159+00:00] HTTPSERVER.INFO: Processing request {"method":"GET","path":"/first-installation","routes_count":3} []
[2025-10-13T02:30:34.860235+00:00] HTTPSERVER.INFO: Route matched {"route_path":"/first-installation","parameters":[]} []
[2025-10-13T02:30:34.860834+00:00] HTTPSERVER.DEBUG: Response created {"status_code":200,"headers":{"Content-Type":"text/html; charset=UTF-8"},"content_length":2354} []
[2025-10-13T02:30:34.860962+00:00] HTTPSERVER.INFO: Response sent {"status_code":200,"content_type":"text/html; charset=UTF-8","content_length":2354} []
[2025-10-13T02:30:36.049473+00:00] HTTPSERVER.INFO: New HTTP Request {"method":"GET","uri":"http://192.168.1.43:8000/basic-usages","user_agent":"Mozilla/5.0 (X11; Linux x86_64; rv:143.0) Gecko/20100101 Firefox/143.0"} []
[2025-10-13T02:30:36.049749+00:00] HTTPSERVER.INFO: Processing request {"method":"GET","path":"/basic-usages","routes_count":3} []
[2025-10-13T02:30:36.049870+00:00] HTTPSERVER.INFO: Route matched {"route_path":"/basic-usages","parameters":[]} []
[2025-10-13T02:30:36.050238+00:00] HTTPSERVER.DEBUG: Response created {"status_code":200,"headers":{"Content-Type":"text/html; charset=UTF-8"},"content_length":214} []
[2025-10-13T02:30:36.050479+00:00] HTTPSERVER.INFO: Response sent {"status_code":200,"content_type":"text/html; charset=UTF-8","content_length":214} []
[2025-10-13T02:30:50.706951+00:00] HTTPSERVER.INFO: New HTTP Request {"method":"GET","uri":"http://192.168.1.43:8000/basic-usages","user_agent":"Mozilla/5.0 (X11; Linux x86_64; rv:143.0) Gecko/20100101 Firefox/143.0"} []
[2025-10-13T02:30:50.707247+00:00] HTTPSERVER.INFO: Processing request {"method":"GET","path":"/basic-usages","routes_count":3} []
[2025-10-13T02:30:50.707362+00:00] HTTPSERVER.INFO: Route matched {"route_path":"/basic-usages","parameters":[]} []
[2025-10-13T02:30:50.707812+00:00] HTTPSERVER.DEBUG: Response created {"status_code":200,"headers":{"Content-Type":"text/html; charset=UTF-8"},"content_length":214} []
[2025-10-13T02:30:50.708122+00:00] HTTPSERVER.INFO: Response sent {"status_code":200,"content_type":"text/html; charset=UTF-8","content_length":214} []
[2025-10-13T02:31:36.904867+00:00] HTTPSERVER.INFO: New HTTP Request {"method":"GET","uri":"http://192.168.1.43:8000/","user_agent":"Mozilla/5.0 (X11; Linux x86_64; rv:143.0) Gecko/20100101 Firefox/143.0"} []
[2025-10-13T02:31:36.905343+00:00] HTTPSERVER.INFO: Processing request {"method":"GET","path":"/","routes_count":3} []
[2025-10-13T02:31:36.905470+00:00] HTTPSERVER.INFO: Route matched {"route_path":"/","parameters":[]} []
[2025-10-13T02:31:36.905962+00:00] HTTPSERVER.DEBUG: Response created {"status_code":200,"headers":{"Content-Type":"text/html; charset=UTF-8"},"content_length":469} []
[2025-10-13T02:31:36.906141+00:00] HTTPSERVER.INFO: Response sent {"status_code":200,"content_type":"text/html; charset=UTF-8","content_length":469} []
[2025-10-13T02:31:37.853833+00:00] HTTPSERVER.INFO: New HTTP Request {"method":"GET","uri":"http://192.168.1.43:8000/first-installation","user_agent":"Mozilla/5.0 (X11; Linux x86_64; rv:143.0) Gecko/20100101 Firefox/143.0"} []
[2025-10-13T02:31:37.854305+00:00] HTTPSERVER.INFO: Processing request {"method":"GET","path":"/first-installation","routes_count":3} []
[2025-10-13T02:31:37.854436+00:00] HTTPSERVER.INFO: Route matched {"route_path":"/first-installation","parameters":[]} []
[2025-10-13T02:31:37.854909+00:00] HTTPSERVER.DEBUG: Response created {"status_code":200,"headers":{"Content-Type":"text/html; charset=UTF-8"},"content_length":2354} []
[2025-10-13T02:31:37.855049+00:00] HTTPSERVER.INFO: Response sent {"status_code":200,"content_type":"text/html; charset=UTF-8","content_length":2354} []
[2025-10-13T02:31:39.733125+00:00] HTTPSERVER.INFO: New HTTP Request {"method":"GET","uri":"http://192.168.1.43:8000/basic-usages","user_agent":"Mozilla/5.0 (X11; Linux x86_64; rv:143.0) Gecko/20100101 Firefox/143.0"} []
[2025-10-13T02:31:39.733433+00:00] HTTPSERVER.INFO: Processing request {"method":"GET","path":"/basic-usages","routes_count":3} []
[2025-10-13T02:31:39.733550+00:00] HTTPSERVER.INFO: Route matched {"route_path":"/basic-usages","parameters":[]} []
[2025-10-13T02:31:39.734055+00:00] HTTPSERVER.DEBUG: Response created {"status_code":200,"headers":{"Content-Type":"text/html; charset=UTF-8"},"content_length":222} []
[2025-10-13T02:31:39.734208+00:00] HTTPSERVER.INFO: Response sent {"status_code":200,"content_type":"text/html; charset=UTF-8","content_length":222} []
[2025-10-13T02:32:37.824517+00:00] HTTPSERVER.INFO: New HTTP Request {"method":"GET","uri":"http://192.168.1.43:8000/basic-usages","user_agent":"Mozilla/5.0 (X11; Linux x86_64; rv:143.0) Gecko/20100101 Firefox/143.0"} []
[2025-10-13T02:32:37.824794+00:00] HTTPSERVER.INFO: Processing request {"method":"GET","path":"/basic-usages","routes_count":3} []
[2025-10-13T02:32:37.824873+00:00] HTTPSERVER.INFO: Route matched {"route_path":"/basic-usages","parameters":[]} []
[2025-10-13T02:32:37.825159+00:00] HTTPSERVER.DEBUG: Response created {"status_code":200,"headers":{"Content-Type":"text/html; charset=UTF-8"},"content_length":339} []
[2025-10-13T02:32:37.825287+00:00] HTTPSERVER.INFO: Response sent {"status_code":200,"content_type":"text/html; charset=UTF-8","content_length":339} []
[2025-10-13T02:33:22.007017+00:00] HTTPSERVER.INFO: New HTTP Request {"method":"GET","uri":"http://192.168.1.43:8000/basic-usages","user_agent":"Mozilla/5.0 (X11; Linux x86_64; rv:143.0) Gecko/20100101 Firefox/143.0"} []
[2025-10-13T02:33:22.007220+00:00] HTTPSERVER.INFO: Processing request {"method":"GET","path":"/basic-usages","routes_count":3} []
[2025-10-13T02:33:22.007330+00:00] HTTPSERVER.INFO: Route matched {"route_path":"/basic-usages","parameters":[]} []
[2025-10-13T02:33:22.007714+00:00] HTTPSERVER.DEBUG: Response created {"status_code":200,"headers":{"Content-Type":"text/html; charset=UTF-8"},"content_length":428} []
[2025-10-13T02:33:22.007842+00:00] HTTPSERVER.INFO: Response sent {"status_code":200,"content_type":"text/html; charset=UTF-8","content_length":428} []
[2025-10-13T02:33:22.587059+00:00] HTTPSERVER.INFO: New HTTP Request {"method":"GET","uri":"http://192.168.1.43:8000/basic-usages","user_agent":"Mozilla/5.0 (X11; Linux x86_64; rv:143.0) Gecko/20100101 Firefox/143.0"} []
[2025-10-13T02:33:22.587235+00:00] HTTPSERVER.INFO: Processing request {"method":"GET","path":"/basic-usages","routes_count":3} []
[2025-10-13T02:33:22.587313+00:00] HTTPSERVER.INFO: Route matched {"route_path":"/basic-usages","parameters":[]} []
[2025-10-13T02:33:22.587441+00:00] HTTPSERVER.DEBUG: Response created {"status_code":200,"headers":{"Content-Type":"text/html; charset=UTF-8"},"content_length":428} []
[2025-10-13T02:33:22.587577+00:00] HTTPSERVER.INFO: Response sent {"status_code":200,"content_type":"text/html; charset=UTF-8","content_length":428} []
[2025-10-13T02:33:23.023002+00:00] HTTPSERVER.INFO: New HTTP Request {"method":"GET","uri":"http://192.168.1.43:8000/basic-usages","user_agent":"Mozilla/5.0 (X11; Linux x86_64; rv:143.0) Gecko/20100101 Firefox/143.0"} []
[2025-10-13T02:33:23.023183+00:00] HTTPSERVER.INFO: Processing request {"method":"GET","path":"/basic-usages","routes_count":3} []
[2025-10-13T02:33:23.023293+00:00] HTTPSERVER.INFO: Route matched {"route_path":"/basic-usages","parameters":[]} []
[2025-10-13T02:33:23.023474+00:00] HTTPSERVER.DEBUG: Response created {"status_code":200,"headers":{"Content-Type":"text/html; charset=UTF-8"},"content_length":428} []
[2025-10-13T02:33:23.023626+00:00] HTTPSERVER.INFO: Response sent {"status_code":200,"content_type":"text/html; charset=UTF-8","content_length":428} []
[2025-10-13T02:33:23.418920+00:00] HTTPSERVER.INFO: New HTTP Request {"method":"GET","uri":"http://192.168.1.43:8000/basic-usages","user_agent":"Mozilla/5.0 (X11; Linux x86_64; rv:143.0) Gecko/20100101 Firefox/143.0"} []
[2025-10-13T02:33:23.419116+00:00] HTTPSERVER.INFO: Processing request {"method":"GET","path":"/basic-usages","routes_count":3} []
[2025-10-13T02:33:23.419221+00:00] HTTPSERVER.INFO: Route matched {"route_path":"/basic-usages","parameters":[]} []
[2025-10-13T02:33:23.419395+00:00] HTTPSERVER.DEBUG: Response created {"status_code":200,"headers":{"Content-Type":"text/html; charset=UTF-8"},"content_length":428} []
[2025-10-13T02:33:23.419526+00:00] HTTPSERVER.INFO: Response sent {"status_code":200,"content_type":"text/html; charset=UTF-8","content_length":428} []
[2025-10-13T02:33:23.845695+00:00] HTTPSERVER.INFO: New HTTP Request {"method":"GET","uri":"http://192.168.1.43:8000/basic-usages","user_agent":"Mozilla/5.0 (X11; Linux x86_64; rv:143.0) Gecko/20100101 Firefox/143.0"} []
[2025-10-13T02:33:23.845878+00:00] HTTPSERVER.INFO: Processing request {"method":"GET","path":"/basic-usages","routes_count":3} []
[2025-10-13T02:33:23.845960+00:00] HTTPSERVER.INFO: Route matched {"route_path":"/basic-usages","parameters":[]} []
[2025-10-13T02:33:23.846104+00:00] HTTPSERVER.DEBUG: Response created {"status_code":200,"headers":{"Content-Type":"text/html; charset=UTF-8"},"content_length":428} []
[2025-10-13T02:33:23.846219+00:00] HTTPSERVER.INFO: Response sent {"status_code":200,"content_type":"text/html; charset=UTF-8","content_length":428} []
[2025-10-13T02:33:24.444004+00:00] HTTPSERVER.INFO: New HTTP Request {"method":"GET","uri":"http://192.168.1.43:8000/basic-usages","user_agent":"Mozilla/5.0 (X11; Linux x86_64; rv:143.0) Gecko/20100101 Firefox/143.0"} []
[2025-10-13T02:33:24.444186+00:00] HTTPSERVER.INFO: Processing request {"method":"GET","path":"/basic-usages","routes_count":3} []
[2025-10-13T02:33:24.444291+00:00] HTTPSERVER.INFO: Route matched {"route_path":"/basic-usages","parameters":[]} []
[2025-10-13T02:33:24.444464+00:00] HTTPSERVER.DEBUG: Response created {"status_code":200,"headers":{"Content-Type":"text/html; charset=UTF-8"},"content_length":428} []
[2025-10-13T02:33:24.444630+00:00] HTTPSERVER.INFO: Response sent {"status_code":200,"content_type":"text/html; charset=UTF-8","content_length":428} []
[2025-10-13T02:33:46.727510+00:00] HTTPSERVER.INFO: New HTTP Request {"method":"GET","uri":"http://192.168.1.43:8000/basic-usages","user_agent":"Mozilla/5.0 (X11; Linux x86_64; rv:143.0) Gecko/20100101 Firefox/143.0"} []
[2025-10-13T02:33:46.727745+00:00] HTTPSERVER.INFO: Processing request {"method":"GET","path":"/basic-usages","routes_count":3} []
[2025-10-13T02:33:46.727851+00:00] HTTPSERVER.INFO: Route matched {"route_path":"/basic-usages","parameters":[]} []
[2025-10-13T02:33:46.728157+00:00] HTTPSERVER.DEBUG: Response created {"status_code":200,"headers":{"Content-Type":"text/html; charset=UTF-8"},"content_length":432} []
[2025-10-13T02:33:46.728305+00:00] HTTPSERVER.INFO: Response sent {"status_code":200,"content_type":"text/html; charset=UTF-8","content_length":432} []
[2025-10-13T02:33:47.468090+00:00] HTTPSERVER.INFO: New HTTP Request {"method":"GET","uri":"http://192.168.1.43:8000/basic-usages","user_agent":"Mozilla/5.0 (X11; Linux x86_64; rv:143.0) Gecko/20100101 Firefox/143.0"} []
[2025-10-13T02:33:47.468265+00:00] HTTPSERVER.INFO: Processing request {"method":"GET","path":"/basic-usages","routes_count":3} []
[2025-10-13T02:33:47.468339+00:00] HTTPSERVER.INFO: Route matched {"route_path":"/basic-usages","parameters":[]} []
[2025-10-13T02:33:47.468591+00:00] HTTPSERVER.DEBUG: Response created {"status_code":200,"headers":{"Content-Type":"text/html; charset=UTF-8"},"content_length":432} []
[2025-10-13T02:33:47.468693+00:00] HTTPSERVER.INFO: Response sent {"status_code":200,"content_type":"text/html; charset=UTF-8","content_length":432} []
[2025-10-13T02:33:47.746240+00:00] HTTPSERVER.INFO: New HTTP Request {"method":"GET","uri":"http://192.168.1.43:8000/basic-usages","user_agent":"Mozilla/5.0 (X11; Linux x86_64; rv:143.0) Gecko/20100101 Firefox/143.0"} []
[2025-10-13T02:33:47.746455+00:00] HTTPSERVER.INFO: Processing request {"method":"GET","path":"/basic-usages","routes_count":3} []
[2025-10-13T02:33:47.746532+00:00] HTTPSERVER.INFO: Route matched {"route_path":"/basic-usages","parameters":[]} []
[2025-10-13T02:33:47.746694+00:00] HTTPSERVER.DEBUG: Response created {"status_code":200,"headers":{"Content-Type":"text/html; charset=UTF-8"},"content_length":432} []
[2025-10-13T02:33:47.746804+00:00] HTTPSERVER.INFO: Response sent {"status_code":200,"content_type":"text/html; charset=UTF-8","content_length":432} []
[2025-10-13T02:33:51.508398+00:00] HTTPSERVER.INFO: New HTTP Request {"method":"GET","uri":"http://192.168.1.43:8000/basic-usages","user_agent":"Mozilla/5.0 (X11; Linux x86_64; rv:143.0) Gecko/20100101 Firefox/143.0"} []
[2025-10-13T02:33:51.508634+00:00] HTTPSERVER.INFO: Processing request {"method":"GET","path":"/basic-usages","routes_count":3} []
[2025-10-13T02:33:51.508717+00:00] HTTPSERVER.INFO: Route matched {"route_path":"/basic-usages","parameters":[]} []
[2025-10-13T02:33:51.508981+00:00] HTTPSERVER.DEBUG: Response created {"status_code":200,"headers":{"Content-Type":"text/html; charset=UTF-8"},"content_length":426} []
[2025-10-13T02:33:51.509124+00:00] HTTPSERVER.INFO: Response sent {"status_code":200,"content_type":"text/html; charset=UTF-8","content_length":426} []
[2025-10-13T02:33:52.160247+00:00] HTTPSERVER.INFO: New HTTP Request {"method":"GET","uri":"http://192.168.1.43:8000/basic-usages","user_agent":"Mozilla/5.0 (X11; Linux x86_64; rv:143.0) Gecko/20100101 Firefox/143.0"} []
[2025-10-13T02:33:52.160423+00:00] HTTPSERVER.INFO: Processing request {"method":"GET","path":"/basic-usages","routes_count":3} []
[2025-10-13T02:33:52.160498+00:00] HTTPSERVER.INFO: Route matched {"route_path":"/basic-usages","parameters":[]} []
[2025-10-13T02:33:52.160768+00:00] HTTPSERVER.DEBUG: Response created {"status_code":200,"headers":{"Content-Type":"text/html; charset=UTF-8"},"content_length":426} []
[2025-10-13T02:33:52.160890+00:00] HTTPSERVER.INFO: Response sent {"status_code":200,"content_type":"text/html; charset=UTF-8","content_length":426} []
[2025-10-13T02:34:46.828379+00:00] HTTPSERVER.INFO: New HTTP Request {"method":"GET","uri":"http://192.168.1.43:8000/basic-usages","user_agent":"Mozilla/5.0 (X11; Linux x86_64; rv:143.0) Gecko/20100101 Firefox/143.0"} []
[2025-10-13T02:34:46.828663+00:00] HTTPSERVER.INFO: Processing request {"method":"GET","path":"/basic-usages","routes_count":3} []
[2025-10-13T02:34:46.828748+00:00] HTTPSERVER.INFO: Route matched {"route_path":"/basic-usages","parameters":[]} []
[2025-10-13T02:34:46.828967+00:00] HTTPSERVER.DEBUG: Response created {"status_code":200,"headers":{"Content-Type":"text/html; charset=UTF-8"},"content_length":426} []
[2025-10-13T02:34:46.829110+00:00] HTTPSERVER.INFO: Response sent {"status_code":200,"content_type":"text/html; charset=UTF-8","content_length":426} []
[2025-10-13T02:35:17.714151+00:00] HTTPSERVER.INFO: New HTTP Request {"method":"GET","uri":"http://192.168.1.43:8000/","user_agent":"Mozilla/5.0 (X11; Linux x86_64; rv:143.0) Gecko/20100101 Firefox/143.0"} []
[2025-10-13T02:35:17.714493+00:00] HTTPSERVER.INFO: Processing request {"method":"GET","path":"/","routes_count":3} []
[2025-10-13T02:35:17.714628+00:00] HTTPSERVER.INFO: Route matched {"route_path":"/","parameters":[]} []
[2025-10-13T02:35:17.714909+00:00] HTTPSERVER.DEBUG: Response created {"status_code":200,"headers":{"Content-Type":"text/html; charset=UTF-8"},"content_length":469} []
[2025-10-13T02:35:17.715257+00:00] HTTPSERVER.INFO: Response sent {"status_code":200,"content_type":"text/html; charset=UTF-8","content_length":469} []
[2025-10-13T02:35:19.323933+00:00] HTTPSERVER.INFO: New HTTP Request {"method":"GET","uri":"http://192.168.1.43:8000/first-installation","user_agent":"Mozilla/5.0 (X11; Linux x86_64; rv:143.0) Gecko/20100101 Firefox/143.0"} []
[2025-10-13T02:35:19.324110+00:00] HTTPSERVER.INFO: Processing request {"method":"GET","path":"/first-installation","routes_count":3} []
[2025-10-13T02:35:19.324184+00:00] HTTPSERVER.INFO: Route matched {"route_path":"/first-installation","parameters":[]} []
[2025-10-13T02:35:19.324361+00:00] HTTPSERVER.DEBUG: Response created {"status_code":200,"headers":{"Content-Type":"text/html; charset=UTF-8"},"content_length":2354} []
[2025-10-13T02:35:19.324499+00:00] HTTPSERVER.INFO: Response sent {"status_code":200,"content_type":"text/html; charset=UTF-8","content_length":2354} []
[2025-10-13T02:35:29.805674+00:00] HTTPSERVER.INFO: New HTTP Request {"method":"GET","uri":"http://192.168.1.43:8000/basic-usages","user_agent":"Mozilla/5.0 (X11; Linux x86_64; rv:143.0) Gecko/20100101 Firefox/143.0"} []
[2025-10-13T02:35:29.805874+00:00] HTTPSERVER.INFO: Processing request {"method":"GET","path":"/basic-usages","routes_count":3} []
[2025-10-13T02:35:29.805980+00:00] HTTPSERVER.INFO: Route matched {"route_path":"/basic-usages","parameters":[]} []
[2025-10-13T02:35:29.806349+00:00] HTTPSERVER.DEBUG: Response created {"status_code":200,"headers":{"Content-Type":"text/html; charset=UTF-8"},"content_length":426} []
[2025-10-13T02:35:29.806475+00:00] HTTPSERVER.INFO: Response sent {"status_code":200,"content_type":"text/html; charset=UTF-8","content_length":426} []
[2025-10-13T02:37:58.989528+00:00] HTTPSERVER.INFO: New HTTP Request {"method":"GET","uri":"http://192.168.1.43:8000/basic-usages","user_agent":"Mozilla/5.0 (X11; Linux x86_64; rv:143.0) Gecko/20100101 Firefox/143.0"} []
[2025-10-13T02:37:58.989941+00:00] HTTPSERVER.INFO: Processing request {"method":"GET","path":"/basic-usages","routes_count":3} []
[2025-10-13T02:37:58.990064+00:00] HTTPSERVER.INFO: Route matched {"route_path":"/basic-usages","parameters":[]} []
[2025-10-13T02:37:58.991661+00:00] HTTPSERVER.DEBUG: Response created {"status_code":200,"headers":{"Content-Type":"text/html; charset=UTF-8"},"content_length":1495} []
[2025-10-13T02:37:58.992874+00:00] HTTPSERVER.INFO: Response sent {"status_code":200,"content_type":"text/html; charset=UTF-8","content_length":1495} []
[2025-10-13T02:37:59.050820+00:00] HTTPSERVER.INFO: New HTTP Request {"method":"GET","uri":"http://192.168.1.43:8000/favicon.ico","user_agent":"Mozilla/5.0 (X11; Linux x86_64; rv:143.0) Gecko/20100101 Firefox/143.0"} []
[2025-10-13T02:37:59.051017+00:00] HTTPSERVER.INFO: Processing request {"method":"GET","path":"/favicon.ico","routes_count":3} []
[2025-10-13T02:37:59.051255+00:00] HTTPSERVER.WARNING: No route found {"method":"GET","path":"/favicon.ico"} []
[2025-10-13T02:37:59.051455+00:00] HTTPSERVER.DEBUG: Response created {"status_code":404,"headers":{"Content-Type":"text/html; charset=UTF-8"},"content_length":29} []
[2025-10-13T02:37:59.051642+00:00] HTTPSERVER.INFO: Response sent {"status_code":404,"content_type":"text/html; charset=UTF-8","content_length":29} []
[2025-10-13T02:38:33.178328+00:00] HTTPSERVER.INFO: New HTTP Request {"method":"GET","uri":"http://192.168.1.43:8000/basic-usages","user_agent":"Mozilla/5.0 (X11; Linux x86_64; rv:143.0) Gecko/20100101 Firefox/143.0"} []
[2025-10-13T02:38:33.178525+00:00] HTTPSERVER.INFO: Processing request {"method":"GET","path":"/basic-usages","routes_count":3} []
[2025-10-13T02:38:33.178642+00:00] HTTPSERVER.INFO: Route matched {"route_path":"/basic-usages","parameters":[]} []
[2025-10-13T02:38:33.178995+00:00] HTTPSERVER.DEBUG: Response created {"status_code":200,"headers":{"Content-Type":"text/html; charset=UTF-8"},"content_length":1429} []
[2025-10-13T02:38:33.179381+00:00] HTTPSERVER.INFO: Response sent {"status_code":200,"content_type":"text/html; charset=UTF-8","content_length":1429} []
[2025-10-13T02:38:54.706202+00:00] HTTPSERVER.INFO: New HTTP Request {"method":"GET","uri":"http://192.168.1.43:8000/basic-usages","user_agent":"Mozilla/5.0 (X11; Linux x86_64; rv:143.0) Gecko/20100101 Firefox/143.0"} []
[2025-10-13T02:38:54.706394+00:00] HTTPSERVER.INFO: Processing request {"method":"GET","path":"/basic-usages","routes_count":3} []
[2025-10-13T02:38:54.706472+00:00] HTTPSERVER.INFO: Route matched {"route_path":"/basic-usages","parameters":[]} []
[2025-10-13T02:38:54.706750+00:00] HTTPSERVER.DEBUG: Response created {"status_code":200,"headers":{"Content-Type":"text/html; charset=UTF-8"},"content_length":1426} []
[2025-10-13T02:38:54.706906+00:00] HTTPSERVER.INFO: Response sent {"status_code":200,"content_type":"text/html; charset=UTF-8","content_length":1426} []
[2025-10-13T02:38:55.842298+00:00] HTTPSERVER.INFO: New HTTP Request {"method":"GET","uri":"http://192.168.1.43:8000/basic-usages","user_agent":"Mozilla/5.0 (X11; Linux x86_64; rv:143.0) Gecko/20100101 Firefox/143.0"} []
[2025-10-13T02:38:55.842625+00:00] HTTPSERVER.INFO: Processing request {"method":"GET","path":"/basic-usages","routes_count":3} []
[2025-10-13T02:38:55.842752+00:00] HTTPSERVER.INFO: Route matched {"route_path":"/basic-usages","parameters":[]} []
[2025-10-13T02:38:55.843155+00:00] HTTPSERVER.DEBUG: Response created {"status_code":200,"headers":{"Content-Type":"text/html; charset=UTF-8"},"content_length":1426} []
[2025-10-13T02:38:55.843337+00:00] HTTPSERVER.INFO: Response sent {"status_code":200,"content_type":"text/html; charset=UTF-8","content_length":1426} []
[2025-10-13T02:38:56.255442+00:00] HTTPSERVER.INFO: New HTTP Request {"method":"GET","uri":"http://192.168.1.43:8000/basic-usages","user_agent":"Mozilla/5.0 (X11; Linux x86_64; rv:143.0) Gecko/20100101 Firefox/143.0"} []
[2025-10-13T02:38:56.255661+00:00] HTTPSERVER.INFO: Processing request {"method":"GET","path":"/basic-usages","routes_count":3} []
[2025-10-13T02:38:56.255739+00:00] HTTPSERVER.INFO: Route matched {"route_path":"/basic-usages","parameters":[]} []
[2025-10-13T02:38:56.255868+00:00] HTTPSERVER.DEBUG: Response created {"status_code":200,"headers":{"Content-Type":"text/html; charset=UTF-8"},"content_length":1426} []
[2025-10-13T02:38:56.255979+00:00] HTTPSERVER.INFO: Response sent {"status_code":200,"content_type":"text/html; charset=UTF-8","content_length":1426} []
[2025-10-13T02:38:56.904285+00:00] HTTPSERVER.INFO: New HTTP Request {"method":"GET","uri":"http://192.168.1.43:8000/basic-usages","user_agent":"Mozilla/5.0 (X11; Linux x86_64; rv:143.0) Gecko/20100101 Firefox/143.0"} []
[2025-10-13T02:38:56.904480+00:00] HTTPSERVER.INFO: Processing request {"method":"GET","path":"/basic-usages","routes_count":3} []
[2025-10-13T02:38:56.904582+00:00] HTTPSERVER.INFO: Route matched {"route_path":"/basic-usages","parameters":[]} []
[2025-10-13T02:38:56.904719+00:00] HTTPSERVER.DEBUG: Response created {"status_code":200,"headers":{"Content-Type":"text/html; charset=UTF-8"},"content_length":1426} []
[2025-10-13T02:38:56.904825+00:00] HTTPSERVER.INFO: Response sent {"status_code":200,"content_type":"text/html; charset=UTF-8","content_length":1426} []
[2025-10-13T02:39:30.401325+00:00] HTTPSERVER.INFO: New HTTP Request {"method":"GET","uri":"http://192.168.1.43:8000/basic-usages","user_agent":"Mozilla/5.0 (X11; Linux x86_64; rv:143.0) Gecko/20100101 Firefox/143.0"} []
[2025-10-13T02:39:30.401527+00:00] HTTPSERVER.INFO: Processing request {"method":"GET","path":"/basic-usages","routes_count":3} []
[2025-10-13T02:39:30.401652+00:00] HTTPSERVER.INFO: Route matched {"route_path":"/basic-usages","parameters":[]} []
[2025-10-13T02:39:30.401921+00:00] HTTPSERVER.DEBUG: Response created {"status_code":200,"headers":{"Content-Type":"text/html; charset=UTF-8"},"content_length":1423} []
[2025-10-13T02:39:30.402026+00:00] HTTPSERVER.INFO: Response sent {"status_code":200,"content_type":"text/html; charset=UTF-8","content_length":1423} []
[2025-10-13T02:39:42.680997+00:00] HTTPSERVER.INFO: New HTTP Request {"method":"GET","uri":"http://192.168.1.43:8000/basic-usages","user_agent":"Mozilla/5.0 (X11; Linux x86_64; rv:143.0) Gecko/20100101 Firefox/143.0"} []
[2025-10-13T02:39:42.681193+00:00] HTTPSERVER.INFO: Processing request {"method":"GET","path":"/basic-usages","routes_count":3} []
[2025-10-13T02:39:42.681271+00:00] HTTPSERVER.INFO: Route matched {"route_path":"/basic-usages","parameters":[]} []
[2025-10-13T02:39:42.681527+00:00] HTTPSERVER.DEBUG: Response created {"status_code":200,"headers":{"Content-Type":"text/html; charset=UTF-8"},"content_length":1423} []
[2025-10-13T02:39:42.681672+00:00] HTTPSERVER.INFO: Response sent {"status_code":200,"content_type":"text/html; charset=UTF-8","content_length":1423} []
[2025-10-13T02:39:54.129724+00:00] HTTPSERVER.INFO: New HTTP Request {"method":"GET","uri":"http://192.168.1.43:8000/basic-usages","user_agent":"Mozilla/5.0 (X11; Linux x86_64; rv:143.0) Gecko/20100101 Firefox/143.0"} []
[2025-10-13T02:39:54.129924+00:00] HTTPSERVER.INFO: Processing request {"method":"GET","path":"/basic-usages","routes_count":3} []
[2025-10-13T02:39:54.130031+00:00] HTTPSERVER.INFO: Route matched {"route_path":"/basic-usages","parameters":[]} []
[2025-10-13T02:39:54.130394+00:00] HTTPSERVER.DEBUG: Response created {"status_code":200,"headers":{"Content-Type":"text/html; charset=UTF-8"},"content_length":1420} []
[2025-10-13T02:39:54.130519+00:00] HTTPSERVER.INFO: Response sent {"status_code":200,"content_type":"text/html; charset=UTF-8","content_length":1420} []
[2025-10-13T02:40:07.364140+00:00] HTTPSERVER.INFO: New HTTP Request {"method":"GET","uri":"http://192.168.1.43:8000/basic-usages","user_agent":"Mozilla/5.0 (X11; Linux x86_64; rv:143.0) Gecko/20100101 Firefox/143.0"} []
[2025-10-13T02:40:07.364537+00:00] HTTPSERVER.INFO: Processing request {"method":"GET","path":"/basic-usages","routes_count":3} []
[2025-10-13T02:40:07.365093+00:00] HTTPSERVER.INFO: Route matched {"route_path":"/basic-usages","parameters":[]} []
[2025-10-13T02:40:07.365826+00:00] HTTPSERVER.DEBUG: Response created {"status_code":200,"headers":{"Content-Type":"text/html; charset=UTF-8"},"content_length":1443} []
[2025-10-13T02:40:07.366028+00:00] HTTPSERVER.INFO: Response sent {"status_code":200,"content_type":"text/html; charset=UTF-8","content_length":1443} []
[2025-10-13T02:42:28.130504+00:00] HTTPSERVER.INFO: New HTTP Request {"method":"GET","uri":"http://192.168.1.43:8000/basic-usages","user_agent":"Mozilla/5.0 (X11; Linux x86_64; rv:143.0) Gecko/20100101 Firefox/143.0"} []
[2025-10-13T02:42:28.130770+00:00] HTTPSERVER.INFO: Processing request {"method":"GET","path":"/basic-usages","routes_count":3} []
[2025-10-13T02:42:28.130849+00:00] HTTPSERVER.INFO: Route matched {"route_path":"/basic-usages","parameters":[]} []
[2025-10-13T02:42:28.131316+00:00] HTTPSERVER.DEBUG: Response created {"status_code":200,"headers":{"Content-Type":"text/html; charset=UTF-8"},"content_length":1449} []
[2025-10-13T02:42:28.131496+00:00] HTTPSERVER.INFO: Response sent {"status_code":200,"content_type":"text/html; charset=UTF-8","content_length":1449} []
